看板,標題,作者,發文時間,內容,留言
Food,[食記] 台南仁德 上崙肉粿。,longloveyu (yu),2023-07-18 00:37:27,"餐廳名稱：上崙早餐店（上崙肉粿）
   消費時間：2022/10 (XDDD)
   地址：台南市仁德區德崙路378號
   電話：0933 276 742
   營業時間：05:30–10:30
   個人圖文blog https://linyu.tw/shanglunrouguo/

這家肉粿是當地人知名早餐店！
除了有遠道而去的觀光客，更多的是在地的左鄰右舍。

我們前往造訪後，店家有調漲／調整價格，
這裡附上我手動更新的價目表XD
但確實金額仍以店家實際公告為準。
https://linyu.tw/wp-content/uploads/2023/07/20230717235303_54.jpg

https://linyu.tw/wp-content/uploads/2023/07/20230717235409_35.jpg
店家隱身在一堆民宅中，沒有明顯招牌，十分不顯眼。
最顯眼的應該是那個路牌XＤ 南156縣道1公里處。

https://linyu.tw/wp-content/uploads/2023/07/20230717235747_26.jpg
假日連買個早餐都要排隊XD
內用外帶都要排，派一人排隊即可。
這裡除了知名的肉粿外，
還販售其他早餐品項：炒麵、涼麵、米糕、壽司、大麵包等等的。

https://linyu.tw/wp-content/uploads/2023/07/20230718000103_69.jpg
https://linyu.tw/wp-content/uploads/2023/07/20230718000311_84.jpg
白白的肉粿，一直翻面，將兩面都煎得恰恰後起鍋。

https://linyu.tw/wp-content/uploads/2023/07/20230718000356_39.jpg
淋醬油中。

https://linyu.tw/wp-content/uploads/2023/07/20230718000415_39.jpg
這是非常重口味的「早餐」
加蒜加小魚乾辣椒又加香菜，完美！
小魚乾辣椒是店家的獨門招牌，嗜辣者必加，其實辣度還好，重點是香氣十足！

肉粿煎得外皮恰恰裡頭是軟嫩的，
醬汁也會加入肉末一起淋在碗中。

整體來說是好吃的古早味早餐~

",[]
Food,[食記] 台南 斛菟-神秘茶藝小店,yabc (^^),2023-07-18 00:19:28,"   餐廳名稱：斛菟(斛須加草字，但打不出來)
   消費時間：112年7月
   地址：台南市東區青年路293巷65號2樓(近知事官邸)
   電話：linktr.ee/HUTUTHETEA
   營業時間：週三-日 11:00-18:00
   每人平均價位：250元
   可否刷卡：可
   有無包廂：無
   官網：https://www.instagram.com/hututhetea/

圖文網誌好讀版：https://yatingteacher.pixnet.net/blog/post/103005322

台南【斛菟】神秘茶藝小店，文青/偵探迷請進！

在知事官邸古蹟用餐後(食記請參考上篇)，好友想去她在網路看到的「斛菟」喝下午茶，
就在官邸附近，我們用google導航，不過明明顯示只要幾分鐘，卻愈走愈心慌，直到走進
一個超小的無尾巷。

「耶？是這裡嗎？」我們兩個面面相覷，導航已經結束，我們卻看不到任何招牌，以及相
關提示，難道我們默默進入一場「實境解謎」遊戲了？

後來我們看到一個無人的一樓門口，通往二樓的牆上，貼著小小的「斛菟」兩字，才鬆了
口氣，慢慢走向位於二樓的店家。搞笑嘛真是！第一次看到這麼不想把生意做大的可愛茶
店，而就算我們走到二樓，放在地上的招牌，字體仍然渺小得讓人發慌XD極致的文青風！

「斛菟」念法是「糊塗」(「菟」是破音字，可以念兔也可以念塗)，老闆不想清楚生活的
態度，真的充分顯現在每個細節啊！

走進「斛菟」，立刻感覺寧靜，在這棟由老公寓打通、全面打造透明窗戶的二樓，左邊是
綠草茵茵的公園，右邊是簡單的住家景觀，擺在空處的是簡樸桌椅，營造了一種泡茶聊天
的「小確幸」氛圍。

店員先親切送上兩杯小巧精緻的冷茶，不甜但很香，適合潤喉，她請我們掃QRcode看菜單
，決定好再跟她說。

「呃……你們沒有紙本menu嗎？」我驚奇地問，好歹我們已經是上了年紀的中年婦女，跟
不上年輕人的腳步，點餐習慣看紙張。

「沒有哦！」她習以為常地回答。

真幸好我會用智慧型手機，而且我有網路！呼！我邊掃描QRcode邊偷偷想，如果我年邁的
母親來這個地方，應該無法消費吧！(？)

「請問，你們平常怎麼宣傳呀？連招牌都沒有！」我們忍不住說出找不到店面的疑惑。

「我們只有放ＩＧ，主要靠客人幫忙宣傳，但生意還可以哦！」店員仍然親切說明，答案
也仍然嚇到我們兩個中年婦女，我們這種沒在用ＩＧ的人，是不是很快就要被社會淘汰了
～

………………..

「斛菟」不是平價消費的飲料店，他們是提供高級茶葉品質的茶店，所以費用不算便宜，
主要有三種消費選擇：熱茶、茶酒和冷萃茶，以及幾種簡單的輕食，我們點了熱茶(250元
)，還有冷萃茶的「花‧水」(300元)，以及一份芋頭麻糬司康(80元)。

有在賺錢的中年婦女就是任性，不再是年輕女孩有經濟負擔，現在我們吃喝重視的是質感
，大過於價格考量！話雖然這麼說，但這種任性應該一年一次就夠了，畢竟中年婦女也擁
有歐巴桑美德，省吃儉用溫良恭儉讓，才不像年輕女孩不懂理財、愛亂花錢呢！

「冷萃茶」系列雖然定價300元不便宜，卻能同時品嘗三種不同口味，以我們點的「花‧
水」為例，有蜜香白茶、黃金桂花茶以及龍眼花茶，當它們被裝在高腳酒杯裡，一口氣送
上桌，莫名散發逼人貴氣，果然很能滿足「小孩子才做選擇，我是大人通通都要」的虛榮
。(另一桌三個女生也點冷萃茶，桌上擺滿9個高腳酒杯……畫面有種難以言述的喜感XD)

冷萃茶的品質還不錯，花茶很適合不喜歡咖啡因的客人。

我們另外點的熱茶是「阿里山金萱」，店員附上裝有熱水的保溫水壺，讓我們自己親手熱
騰騰地泡茶，另外還附上小卡，提醒客人每壺茶沖泡的秒數。秒數真的很重要，我以前認
識一個高級茶藝師，跟她泡茶總是能見識最上乘精準的泡茶技術，她把計算克數、溫度和
秒數的工具隨時擺在旁邊使用，絕對不允許分毫差錯！

懂泡茶的人呀，非常珍惜每片茶葉的利用價值，把茶泡好、喝到好茶，對他們而言，是人
生的一大樂事！而我們不需要懂茶，只要懂得跟在他們旁邊喝茶，就是一大樂事！就像有
人很會烤肉，你只要跟著他，就人生足矣！

來「斛菟」喝著好喝的茶，嘗著好吃的點心，和好友開心的聊著天，一個下午也就這樣簡
單消磨，我喜歡帶點商業氣息的咖啡店，擁有鬧中取靜的大眾取向，但像這樣安安靜靜、
樸實喝茶，我也非常喜歡呢！

「欸，妳有沒有發現，來這種地方的，都是女生？」在我們喝茶之間，好友突然提出她的
觀察。

哦，對耶！現場沒有任何一位男性客人耶！

「男生啊，大部份才不會獨自、或跟男生朋友來這種地方談心！除非是陪女朋友或老婆約
會，不然他們不會想花這筆錢！」我笑了笑。

男生通常很務實，也不像女生一樣「喜歡找安靜的角落，和友人訴說自己的心聲」，他們
和朋友能夠面對面坐在路易莎，而不是在球場或和大夥兒吃飯，就已經不容易了XD

如果你也想找一個招牌不顯眼的文青茶室，與朋友或自己緩慢陪伴，台南巷子裡超級神秘
的「斛菟」推薦給你！一起來糊里糊塗一下午^^(記得先預約)

◎相關資訊：
https://www.instagram.com/hututhetea/
台南市東區青年路293巷65號2樓
週三-日 11:00-18:00

",[]
Food,[遊記] 大阪 伊丹空港美食 章魚燒與老爺爺蛋糕,Furella (Furella),2023-07-18 00:16:32,"※ [本文轉錄自 Japan_Travel 看板 #1ajMb9F0 ]

作者: Furella (Furella) 看板: Japan_Travel
標題: [遊記] 大阪-伊丹空港美食 章魚燒與老爺爺蛋糕
時間: Tue Jul 18 00:16:06 2023

圖文網誌版:

https://bitesize.tw/2023-osaka-itami-airport-food/


2023.FEB

從東京飛往大阪的班機在中午抵達，我們的目的地是京都，
算了一算去到京都會誤到午餐時間，所以決定先不出去提領行李，
在航廈裡頭吃飽了再出去，這樣一來去到京都也差不多是可以 check in 旅館的時間。

伊丹空港裡面有非常多美食，比起現在的關西空港聽說是好逛太多了！
查了查發現，有我們幾年前在大阪道頓堀吃過的 くくる Kukuru 章魚燒，
不過是在 ANA 那一側的航廈，從日航這側走過去，需要走一條隱密的道路才會到。

在日航這一側，看到了好像非常美味的稻荷壽司，買個一盒兩顆嚐嚐看味道。
直直往外走就會走到行李提領區，但如果要往 ANA 那一側，
就要往 14 號登機門的方向前進，從他旁邊有一條小徑可以通往 ANA 那一側的飲食賣場。

中間這一條較為隱密的通道，別有洞天！
是一整排可以看飛機的座位，搭飛機前買杯咖啡在這裡看飛機，好像很愜意呢！
還看到了日航國內線 J-Air 的環球影城聯名彩繪機，旁邊也看到手塚治虫紀念館的廣告。

到了賣場之後，我們直奔道頓堀 Kukuru 章魚燒，但實際買了之後卻有點失望呢！
我們幾年前在大阪吃的外脆內軟，比較符合台灣人口味，
但今天吃到的更像明石燒，整顆都軟呼呼的，味道是還可以，但口感我就不喜歡了。

倒是這稻荷壽司非常好吃耶！
調味很清爽、米飯也很有彈性又好大顆，寶寶喜愛到自己吃掉了一顆，
這天他胃口很好，連章魚燒也吃掉了三顆左右。

接著我們又走回日航這一側買 Rikuro 老爺爺起司蛋糕，澎澎的樣子看起來好誘人啊！
吃起來是很清爽的起司蛋糕，很綿細空氣感較多的，介在海綿蛋糕跟起司蛋糕之間。

來到利木津巴士的搭乘處，買了往京都車站八条口的單程車票前往京都。
指標都非常清晰，跟著走就行。
從伊丹空港前往京都，最方便的應該還是搭乘利木津巴士。
以往的班次有些會到二条口，不過疫情之後都取消，全部都只到京都車站。
到達京都車站後，我們因為行李比較大件也比較多，
就直接攔計程車往 Hyatt Place Kyoto。
結果一大一小行李箱加上一台摺疊娃娃車，還載不下後車廂，
人很好的司機先生還用束帶把後車廂拉緊，是滿有趣的光景。終於開始京都的行程啦！


",[]
Food,[食記] 台北大安 東區特製涼麵 乾淨好吃 夏天清涼必備,AlphaD (DD),2023-07-17 23:55:32,"   餐廳名稱：東區特製涼麵 乾
   消費時間：2023年/7月

106台灣台北市大安區忠孝東路四段216巷31號
7am~6:30pm(休週日)
+886227113289

圖文網誌:
http://ddd.psee.ly/52598v

最近台北天氣熱到一個大暴炸，熱的東西都吃不太下去，路過這間，其實也是來不少次了

一進店內，超強的冷還有大電扇一直吹就是爽，乾乾淨淨的環境就是爽

點了個麻醬涼麵，加了辣油，加重口味，蠻過癮的，大熱天的，真的熱的都吃不太下~

https://www.youtube.com/watch?v=-b7OcbceA10

== 照片 ==
麻醬涼麵 50元

肉醬涼麵 70元

貢丸湯 40元

",[]
Food,Fw: [食記] 福岡中洲 暖暮拉麵 博多代表性豚骨拉麵,cheauwong (cheau),2023-07-17 22:33:27,"※ [本文轉錄自 Japan_Travel 看板 #1ajL3aOI ]

作者: cheauwong (cheau) 看板: Japan_Travel
標題: [食記] 福岡中洲 暖暮拉麵 博多代表性豚骨拉麵
時間: Mon Jul 17 22:32:02 2023


店    名：暖暮拉麵 博多中洲店
地    址：福岡県福岡市博多区中洲4-7-20
營業時間：星期一至四 11:30～15:00；18:00～02:00
          星期五 11:30～15:00；18:00～05:00
          星期六 11:30～05:00
          星期日 11:30～02:00
休    日：無
推薦食物：日式溏心蛋拉麵
最低消費：一碗拉麵
造訪日期：2023/01

圖文網誌版
https://sixteen-chateau.blogspot.com/2023/07/danbonakasu.html

暖暮拉麵是許多遊客道沖繩必吃的拉麵，其實它是一家發跡於九州福岡的拉麵店，
這次就選擇距離我居住飯店非常近的博多中洲店，這是一家位在中洲風化區中心
地段的分店

當天用餐的時間已經是半夜12:30了，可是當時中洲中央通仍非常熱鬧，許多的西裝男、
牛郎、媽媽桑、遊客等都聚集在這窄窄的路上。

不過我很幸運，用餐的時候，店裡的人數不多，還有許多的空位，只是前面排了幾個韓國
遊客，不諳點餐機器的操作，在等待點餐的時候，花了一些時間。

這裡的點餐機使支援多國語言，而且裡面的翻譯都不會怪怪的，對觀光客非常友善。

如同一般的日式拉麵店，拉麵的座位區全部都是吧檯桌，共15個座位。

來到桌位時，菜單跟清水已經備好，把食券交給店員就可以慢慢等拉麵上桌。


桌上有放著菜單和各式醬料，用餐時，發現不少日本吃到一半會翻著菜單，接著到點餐機
結帳加點東西。

雖然剛剛點過餐了，還是照理看看一下菜單的內容，除了拉麵，這裡還有炒飯、餃子、明
太子飯等各種不同的碳水組合餐。

這裡的速度很快，大概等沒多久，我的日式溏心蛋拉麵就上桌了

看到拉麵時，我就覺得這拉麵看起來跟一蘭拉麵真的好像，麵中央都有一坨辣醬，只是價
格較便宜，給的叉燒也較大塊。

暖暮拉麵主打乳白色的豚骨湯頭，湯頭上面的油脂非常豐厚。雖然說是豚骨拉麵，但與其
他拉麵相比，他們家的豬騷味是稍微淡了一些，但香氣仍不減，是屬於非常順口，可以讓
人喝完的湯頭。加上大量的蔥花，更是增添了湯頭的香氣和口感。很多人說他們家的拉麵
很像一蘭，不過我太久沒吃一蘭了，所以也無法比較。

所採用的叉燒時薄切的五花肉叉燒，共有兩片，叉燒非常的軟嫩，肥肉算是蠻多的，因為
我很喜歡吃軟軟且富有豐腴脂肪的豬肉，所以這個叉燒很對我的味。

他們家的溏心蛋煮得剛剛好，滷汁的味道也有吃進去，看蛋白的顏色就知道有多入味了，
吃的時候該可以感受醬油和味霖的甜味，我很喜歡。

福岡的拉麵都是細麵，喜歡偏硬口感的我，特別要求要硬一點的麵條，細麵的掛湯能力也
很強，每一口都可以感受豚骨湯頭的香味，不過我個人對於細麵沒有太多的喜好，所以對
於他們的麵條沒有太多的感想。

吃到一半覺得有點膩口或是想轉換口味，可以搭配他們的醃高菜和蒜泥，撒一點上去，湯
頭的味道又變得不一樣了，帶了一些醃製物的酸味，反而讓人更開胃。

暖暮的拉麵份量不大，不到十分鐘就嗑完了，湯頭也喝下不少，因為個人是比較偏好更為
清爽的醬油、雞白或鹽味系拉麵，若是豚骨，我個人會更愛濃厚系的湯頭，這種偏清淡的
豚骨拉麵反而不是我的愛，但不能否認它仍是一碗表現非常好的拉麵，在冷冷的冬天吃下
這一碗是非常暖胃。

",[]
Food,[食記] 渲咖啡 遠眺外澳沙灘的無敵海景咖啡廳,kiki1990 (琪樂無窮美食生活),2023-07-17 22:26:15,"【宜蘭頭城】渲咖啡Shine Cafe
網美海景咖啡廳 在希臘風建築中遠眺龜山島、外澳沙灘飛行傘



♬ 詳細圖文好讀版本 ♬ 請點這裡 ⇨ https://kikifunlife.com/shine-cafe/


⇩　簡短版本請看下面　⇩


渲咖啡位於宜蘭頭城外澳海灘的海堤景觀步道。

地中海風的白色與藍色建築外觀非常顯眼，讓人彷彿來到希臘海岸。

三樓有一個很有海島度假風格的大沙發，空間很寬敞。

玻璃圍欄的設計讓視線零死角，景觀超棒的。

可以遠眺龜山島，還可以看到外澳沙灘上的衝浪客跟飛行傘！

　

■ 橙香酥炸海魚飯 $330

這道酥炸海魚飯，在炎熱的夏天裡可以說是非常清爽。

橙香醬汁酸酸甜甜的，吃起來格外開胃。

無刺魚肉塊包裹了金黃酥脆的外皮，魚肉完全沒有腥味、非常香嫩。
　

■ 紐奧良烤雞翅 $250

經過恰到好處的烘烤，雞皮呈現非常美味褐色光澤。

雞翅醃漬的非常入味！雞肉很軟嫩，搭上起司粉真的很香。

　
■ 鹽烤松阪豬 $380

這道鹽烤松阪豬真的要推爆！非常焦香好吃。

松阪豬的油花超級香，而且肉質好脆也好嫩～

　

■ 濃情焦糖布丁 $150

外觀或口味都非常出色，完全是法式甜點店的專業水準！

布丁上裝飾了手工拉糖跟酸甜的乾燥草莓丁，

放在高腳杯裡，宛若一件賞心悅目的藝術品。

布丁的質地非常滑嫩綿密。每一口都能感受到牛奶與雞蛋的濃郁香氣，

再配上香甜中帶著微苦的焦糖醬，吃下去真的超幸福。

　


☑餐廳名稱：渲咖啡Shine Cafe
☑消費時間：2023/06/22
☑地址：宜蘭縣城鎮濱海路二段72號
☑電話：0925 087427
☑營業時間：
【週一、四】11:00-18:00
【週五、六、四】08:30-18:00
【公休日】每週二
☑每人平均價位：$400~$500
☑可否刷卡：不可，只收現金
☑是否有包廂：三樓有
☑停車資訊：可以停九號咖啡外澳館的付費停車場
（宜蘭縣頭城鎮濱海路二段6號）
☑推薦菜色：
橙香酥炸海魚飯 $330
紐奧良烤雞翅 $250
鹽烤松阪豬 $380
濃情焦糖布丁 $150


",[]
Food,[食記] 台北文山景美夜市 好吃塩水雞,TW00500203 (Ming),2023-07-17 22:02:04,"【好吃塩水雞】
電話：0916 895 952
地址：台北市文山區景文街133號
營業時間：15:00–00:00
用餐時間：2023年04月
每人平均價位：80~150
服務費：無
",[]
Food,[食記] 桃園 桃機一航環亞貴賓室,Jun0713 (jun),2023-07-17 21:58:28,"   餐廳名稱：桃機一航環亞貴賓室

   消費時間：2023年/7月

圖文版請點下方部落格連結，謝謝

https://reurl.cc/VLeb5y


這次與老婆要出發去東京，搭乘的是老婆用亞洲萬里通的里程換的國泰航空商務艙，但是
因為國泰航空的貴賓室正好在整修中

所以這次我們就使用了「環亞貴賓室」，這邊通常是給在台灣沒有設立貴賓室的航空公司
，或是一些信用卡的高卡客戶共用的貴賓室

裡面座位蠻多的，大約有4-50個，有個小商務客喜歡的小空間，有閱讀燈跟插座

也有人多時可以一起坐的長桌區

後面還有一些沙發區，沙發區也是有插座的喔

這裡有可以單點的早餐，決定想要吃的直接跟工作人員點就可以了

有一些配菜可以配白粥，有高麗菜、牛蒡絲、毛豆、海帶絲、黑豆、豆棗、脆瓜還有麵筋

還有一些熟食區，從左至右分別是炒花椰菜、素肉丸、德式小香腸、里肌肉、螺旋麵以及
蘿蔔糕

其中素肉丸我跟老婆都不行，香腸跟里肌肉中規中矩、螺旋麵還不錯，蘿蔔糕普通（我比
較喜歡口味重的港式蘿蔔糕）

地瓜球跟薯條，還不錯

紅、白酒，以貴賓室來說，這裡的酒類提供算是比較少的，不過因為這裡是共用的貴賓室
，這樣也是正常的

一些飲料，旁邊的木櫃子裡面有兩種麵包，旁邊有烤麵包機可以用

咖啡機與烤麵包機
還有一些茶包

因為等等還有機上餐，所以就簡單點一碗滷肉飯跟排骨湯，滷肉飯是肉比較多膠質比較少
的那種，但調味還不錯蠻好吃的，但是不知道是不是店員弄錯還是我還沒清醒，我吃起來
不像排骨像肉羹，哈哈！

整體來說口味還不錯，但是選項就沒有航空公司自己的貴賓室豐富了，回程坐日航的，再
看看有什麼不同，再寫一篇跟大家分享，謝謝



",[]
Food,[食記] 台北 老罈香川味兒~怎麼跟以前味道不同？,thudadai (三高sir),2023-07-17 21:21:08,"
   餐廳名稱：老罈香川味兒
   消費時間：2023年/6月
   地址：台北市中山區長安東路一段63號
   營業時間：1200-1400 1730-2200

圖文：https://thudadai.pixnet.net/blog/post/70757044


照片記錄：人均1.4k。

搬家後首訪~~刷了17道，整體調味的感覺與印象中好像有點不同？
可能店變大了，內場需求也增加，只好期待之後穩定度提升，
預訂的菜有龍蝦腦花麻婆豆腐、木桶酸菜魚、泡椒牛蛙、諸葛烤魚等，
龍蝦麻婆豆腐和酸菜魚不錯。


(椒燒擂皮蛋)
(牙籤小羔羊)
(干鍋花椰菜，偏濕)
(金沙玉米，不錯吃，我在家用罐頭甜玉米試做過，沾粉、炸的油溫、炒鹹蛋黃..等步驟
一沒拿捏好，整個外型口感就容易跑掉)
(枸杞水蓮，酒味很強)
(樂山甜皮鴨)
(龍蝦腦花麻婆豆腐)
(木桶酸菜魚)
(泡椒牛蛙，夠酸~但感覺可以多一點辣味)
(壓鍋粉蒸肉)
(諸葛烤魚，當天有別桌被魚刺哽到喉嚨，會不會也是吃這道阿？)
(蓉城口水雞)
(神仙排骨，味道有點輕)
(生爆鹽煎肉，明顯和之前來時味道不同)
(嗆鍋手撕包菜)
(老皮嫩肉)
(紅糖慈粑，沒酥..)
(招待四川冰粉)

",[]
Food,[食記] 基隆 喫茶開門 正濱漁港 日式復古喫茶店,yucon (攝影‧旅行‧拈花惹草),2023-07-17 20:19:36,"餐廳名稱：喫茶開門
消費時間：2023年/7月
地址：基隆市中正區中正路393巷38號
營業時間：11:30~19:30 不定休

blog圖文版：https://morrisyu.com/archives/7332

喫茶開門，在正濱漁港附近的一家咖啡店，在舊漁會正濱大樓附近的巷子內，店主人租下
這棟房舍進行改造，營造出日式復古喫茶店風格。

店內的空間小小一個，兩張三人桌還有吧台座位，共13席的位置，裝潢上相當有味道，特
別喜歡裝潢上的油漆，是一層一層慢慢塗上的，相當費工。店主人負責沖煮咖啡，主人的
母親負責接待客人，在咖啡店中算是有點特別的組合。

喫茶開門是採用法蘭絨出杯，在台灣算是比較少見的手法，出杯的時間會比較長一些。

menu，咖啡的部分以手沖為主，非咖啡因有蘇打汽水及茶類，鹹食有義大利麵跟佛卡夏，
還有甜點及布丁，內用低消一杯飲品。

巴西 南米納斯，極深焙，本來要點琥珀配方豆，可惜賣完了，不得不說近幾年在台灣喝
到深焙的豆子，自己都相當喜歡，初入口的核桃風味，沒有苦澀味反而是相當的順口。

冰淇淋熱帶水果蘇打，喫茶開門選用的杯子都有動物圖案。

拿坡里義大利麵，麵條上灑滿了起司粉，非常的香，Q彈稍微偏硬的口感吸滿了湯汁，還
有滿滿的切片香腸，吃完一盤讓人滿足。

百香果 芒果蛋糕，這兩樣都是夏季很棒的水果，百香果的酸及芒果的甜兩者融合在一起
，沒想到是個不錯的組合，又酸又甜的口感，蛋糕體軟綿好吃，真的是夏季的甜點好選擇
。



",[]
Food,[轉讓] 饗饗微風店8/5 14:30 3位訂位,liangyen (一次的感動),2023-07-17 18:44:25,"
   餐廳名稱：饗饗微風店
   地址：

   訂位日期時間：8/5 14:30
   轉讓人數：3
   價格：已付訂金1500，匯款後提供訂位代碼

",[]
Food,[食記] 幸福饅頭 基隆仁愛 果酸奶香鳳梨優格饅頭,Geiwoyujie (https://reurl.cc/Rlnen?),2023-07-17 18:33:12,"   餐廳名稱：幸福饅頭
   消費時間：2023年/5月
   地址：台灣基隆市仁愛區仁二路95號
   電話：+8862 2425 8811
   營業時間：09:00 - 20:00 (週日公休)
   每人平均價位：68 TWD
   可否刷卡：否
   有無包廂：無
   推薦菜色：鳳梨優格饅頭/南瓜蔓越莓饅頭
   官網：https://www.facebook.com/100064743728605

圖多Blog好讀版
中文: https://ryokousharoody.blogspot.com/2023/07/happy-steamed-bun.html

2023年5月29日早上
騎著摩托車來到台灣基隆市區
打算到幸福饅頭這裡買個早餐

幸福饅頭的地址
是基隆市仁愛區仁二路95號
最近公車站是愛六路口

這裡除了傳統饅頭之外
還有不少創新口味的饅頭

我這天點的是鳳梨優格饅頭，38 TWD
以及南瓜蔓越莓饅頭，30 TWD

這裡只能使用現金支付
不收行動支付或信用卡

而朋友則是買了全麥起司饅頭
價錢是一個30 TWD
看起來裡面起司還蠻多的

而我首先則來試試
這個比較少見的組合
鳳梨優格饅頭

https://imgur.com/4B5398d.jpg
鳳梨優格饅頭裡面
真的是有鳳梨塊的
吃起來有果香的酸甜
而且奶香十足
且老麵製成的饅頭彈性很好
是讓人相當意外且驚艷的風味

而接著就來試試南瓜蔓越莓饅頭

https://imgur.com/wWnaD29.jpg
南瓜蔓越莓饅頭顏色偏黃
外觀上看的出南瓜的黃色
打開後才看得到蔓越莓的紅色

南瓜果肉的香味
搭配蔓越莓的酸甜
還有老麵的彈性
使整體搭配起來非常合適！

https://imgur.com/oirtGoR.jpg
個人對於這次在幸福饅頭
所選的口味都覺得蠻好吃的
下次有機會的話
也會想要試試看更多獨特的口味
像是芋頭乳酪饅頭
以及紅糖桂圓堅果饅頭等等

",[]
Food,[食記] [新竹竹北] 享食現炒,pure816 (玫玫),2023-07-17 18:01:44,"
[新竹竹北] 享食現炒

網誌圖文好讀完整版：https://pure816.pixnet.net/blog/post/48941780

============================================================================

   餐廳名稱：享食現炒
   消費時間：２０２３／０５
   地址：新竹縣竹北市中正東路163號
   電話：03-6568168
   營業時間：11:00～22:00

　　特殊聲明：文章PO在PTT上，不代表同意任人轉貼，
　　　　　　　若僅轉貼連結，歡迎！
　　　　　　　不歡迎全篇轉貼，卻完全不打招呼。

============================================================================

　　近一年來，還算認真吃「現炒」，從新竹吃到竹北。
　　這家是竹北的享食現炒。

　　與今年吃的食米堂、嚐百炒，是以炒飯為主有多種調味，也有特色炒飯。
　　另外賣炒麵，可能還賣炒烏龍，也可能加賣熱炒、湯品。
　　享食現炒的菜單，與以往吃的竹源現炒、鐵男現炒、......較相似。
　　以炒飯、燴飯、炒粄條、炒麵、炒烏龍、湯麵等主食來分類。
　　現炒菜餚、湯品等的選項也頗多。

　　不論湯麵，最便宜的主食為青菜炒飯／炒麵／炒烏龍（75）。
　　有一半左右的主食是95元，再來普遍落在100/105/110，還有幾個品項是120/140。
　　現炒價格區間在70～160（約一半是150）。

　　外帶過兩款主食：打拋豬肉炒飯、海鮮炒粄條，都是百元。

　　很多打拋豬肉飯，就一份打拋豬肉+白飯+荷包蛋，蔬菜不一定有。
　　這個既然是打拋豬肉炒飯，蛋是混在炒飯中，沒有再外加荷包蛋，沒啥蔬菜，
連「打拋肉」也不是很多。
　　但就是把打拋肉的風味炒進蛋炒飯中。
　　味道雖重（偏鹹微辣），但炒飯吃來還算乾爽，有鍋氣，頗香。

　　海鮮炒粄條，除了主料有魷魚、蝦仁、花枝等海鮮。
　　還有配菜：高麗菜、胡蘿蔔絲。
　　加辣要另外跟店家說，是加生辣椒去炒的。
　　海鮮料沒有爆多，但也不至於就一兩根，是混在炒粄條，等著你去夾取。
　　風味沒打拋豬肉炒飯重，但醬香中帶著辣，還蠻合胃口。

　　店內內用外帶的單多，買的時候可能要確認一下，也許需要久候。


",[]
Food,[食記] 北海道｜札幌｜しろくま 札幌本店,Lefair (Alice Wonderland),2023-07-17 16:43:46,"   餐廳名稱：札幌成吉思汗 しろくま 札幌本店
   消費時間：2023/07
   地址：北海道札幌市中央区南六条西3-6-31 ジョイフル札幌 1Ｆ
   電話： 011-552-4690
   營業時間：18:00～25:00，詳細見文章末尾。
   每人平均價位：6000～7000日幣
   可否刷卡：可
   有無包廂：無。
   推薦菜色：當日道產和羊、羊奶冰。


可透過tabelog的網頁介面直接訂位。

",[]
Food,[食記] 高雄 紅陶上海湯包漢來店 米其林推薦餐廳,fish1234557 (費雪),2023-07-17 15:33:03,"   餐廳名稱：紅陶上海湯包
   消費時間：2022年/12月
   地址：高雄市前金區成功一路266號10樓
   電話：07-2135751
   營業時間：11:30~14:30。17:30~21:30

圖文好讀版
https://lealea0614.pixnet.net/blog/post/356384575

吃過夢時代的漢來上海湯包很喜歡

聽大家說紅陶上海湯包更好吃

而且還入選米其林推薦

趁壽星優惠卷還沒到期就趕快來吃

在10樓唷!

很少到漢神樓上用餐的我們感覺很新奇哈

紅陶上海湯包菜單

菜單跟其他間的漢來上海湯包有點不太一樣


飄香排骨$185

這家就沒有排骨炒飯了

之前就知道排骨大小不一品質有點不穩定

今天算幸運

排骨很大塊肉有厚度也有彈性

外皮也蠻酥的

搭配泡菜一起吃更提味


滬士東坡肉$380

本來有點點不下去

但又好想吃看看

反正有優惠卷嘛

上桌之後

服務人員會幫忙切小塊

醬汁偏甜一點

肉質非常軟嫩

肥肉我也很喜歡

搭配刈包非常適合


招牌生煎包$180

煎得不油膩

雖然是招牌

但吃不太出來特色


上海烤麩$99

是冷的小菜

味道口感都還不錯


特製麻醬麵$120

我很愛吃漢來上海湯包的擔擔麵

可惜這邊沒有

不過麻醬麵表現也不錯

麻醬醬香濃郁給的也夠多

麵吃完還有好多麻醬


蟹粉小籠湯包$280

湯包汁多

皮跟餡料的比例拿捏得很剛好


綠豆煎餅$180

人氣Top10

評論也好多人推薦

當下吃的時候只覺得外皮很脆吃不到甚麼綠豆餡

就覺得還好普通

結果外帶回家加熱來吃

又覺得很好吃


因為當天是冬至

店家還有特別準備湯圓提供給客人吃

我覺得紅陶跟夢時代分店比

我自己偏愛夢時代分店一點

菜單跟口味都是

",[]
Food,[食記] 桃園 瞌睡咖啡,qoo560 (ㄅㄨㄅㄨ),2023-07-17 14:30:37,"餐廳名稱：瞌睡咖啡Nap cafe
消費時間：2023年7月
地址：桃園市桃園區中寧街22號
電話：(03)355-1700
營業時間：週一~週日，9:00~17:00

https://i.imgur.com/LjMVUy8.jpg
週末去找朋友玩被帶去吃

我點的是趕走瞌睡蟲
有加價升級法式土司及炒蛋
有一塊長得超像蘿蔔糕的其實是薯餅
薯餅/薯條擇一（對面朋友點薯條可以參考）
另外吐司蠻推薦換法式吐司的
熱騰騰的法吐配上奶油真的很好吃
朋友沒換就只能吃普通的吐司
跟他要了一點吃看看，也不會難吃
但就是蠻普通的吐司XD

炒蛋的話因人而異，不加價是朋友那種半熟荷包蛋
因為跟人比較喜歡滑蛋口感所以選擇炒蛋！
炒蛋也超級好吃
蛋體滑嫩滑嫩，調味也剛剛好
沙拉附的是油醋醬，剛好可以解膩
因為這樣點下來就蠻貴的了
所以就沒點飲料
朋友有點紅茶聽他說喝起來蠻順口的也是不錯

對我來說這家店還不錯，沒有什麼不ok的地方
下次有機會還會想再來試試其他品項！

",[]
Food,[食記] 台北信義 世貿名人坊,guessworld (奶油不飛),2023-07-17 14:29:05,"

圖文網誌版請點：https://pse.is/55ja9c


店名：世貿名人坊
電話：02 2723 2938
地址：台北市信義區基隆路一段333號34樓
營業時間：11:30～14:30, 17:30～21:30
用餐日期：Apr 24, 2023

久聞名人坊，終於在多年後吃到了。
整晚驚喜不斷，先是坐在瘦子隔壁桌，然後離開前又遇到王金平，真不虧是名人坊。

這次是七個人用餐，事先預訂菜有一隻烤鴨跟脆皮叉燒。
其他餐點就是現場邊問邊點，其他菜大多以點心為主，不然結帳可能會嚇壞。

脆皮叉燒，$680。
先上了脆皮叉燒，看起來精緻。
整體口味算平衡且清淡，皮脆肉也不過肥，這個份量就是一人一塊吃個巧。

長春捲，$55/條。
忘記裡面好像有蝦，口感酥脆不油膩，大家都蠻喜歡的，
但我覺得味道有點單調，但就是脆。

招牌腸粉，$240。
蠻喜歡這道的，腸粉軟Ｑ搭配炸得恰好的內裡，吃起來口感豐富又不膩。

金沙山藥杏鮑菇，$460。
這道也很好吃，山藥跟杏鮑菇裹粉油炸後，外層是鹹香的金沙。

蘿蔔糕，$35/片。
蘿蔔糕很棒可以照人數來點，是屬於本身味道就很夠的那種。

京式片鴨，$2880。
這個片鴨真的是我吃過最貴了，一吃就要2880，後面的每一吃都要再加錢。
先給我們看鴨，之後師傅就在旁邊片。
師傅會把片下來的鴨幫忙剝好，皮還蠻薄的很軟Ｑ。
但我喜歡自己包，喜歡一張皮包兩塊鴨，對於不愛吃這麼多澱粉的人有點困擾。

蟹肉炒粉絲，$480。
印象中蠻夠味的，這種搭配很難不好吃。

鮮茄炒有機櫛瓜，$480。
這道有點像冰箱剩下的東西就拿來炒，吃起來就是食物的原味。


片鴨二吃-鴨鬆，$600。
朋友熱愛各種鬆，蝦鬆、蝦鬆。
這道吃起來很鹹，用生菜包之後還是覺得鹹。


富哥招牌蝦餃皇，$168。
他們家蝦餃好吃，有夠飽滿，回家看帳單覺得好吧，這價格果然該好吃。

鮑魚燒賣皇，$110。
燒賣也不錯，燒賣下面很紮實，又搭配上一小顆燉煮過的鮑魚，味道很鮮。
不過這幾個小點個頭都不小，吃完超級飽。

蘿蔔酥餅，$74。
皮不夠優秀。我覺得犁園的更推。

經典編織酥(2個)，$240。
限量款的包包，喔不是，限量款的編織包。
本來以為已經賣光，後來幫我們問到有最後兩顆，裡面我記得是菇跟鴨肝還是誰的肝。
吃起來味道很濃厚，對我來說有點腥。
建議可以點一份分食，嚐個味道就好。


叉燒包(4個)，$280。
叉燒包好吃，就是添好運風格，裡面餡料飽滿。

片鴨三吃-酸菜鴨肉湯，$400。
鴨湯是我比較不愛的，他的酸菜不是酸菜白肉湯的那個風情，
不知為何他的酸有點像醋的酸，而不是發酵的酸味。



朋友生日有招待壽桃，而且名人坊幫切蛋糕沒有另外收費。


那天7個人吃了11189，平均來說菜色味道不錯，服務也好，但好像沒有好吃到想再訪的程度。

",[]
Food,[食記] 台南 八寶彬圓仔惠 挫冰冰品,ethel0203 (),2023-07-17 11:49:01,"   餐廳名稱：八寶彬圓仔惠
   消費時間：2022年/11月
   地址：台南市中西區國華街二段99號
   電話：06-226-3432


圖文網誌 > https://travelerliv.com/ba-bao-bin-shaved-ice/


來到國華街這塊競爭激烈的台南美食地圖，不論什麼時候經過，總是可以看到絡繹不絕的客人前來八寶彬圓仔惠，它夏天販售剉冰冰品，冬天則是提供燒仙草跟甜湯。


記得先點餐、取餐再入座。


它的配料約二十幾種，包含招牌圓仔、蜜芋頭、粉粿、愛玉、仙草、杏仁、紅豆、綠豆、花豆、蜜蓮子、鳳梨、粉角及粉條等材料。


來這裡最多人都會點圓仔、蜜芋頭都是必點項目，老闆還推薦我蜜蓮子，所幸便點來試試看。除了配料可以自選，甜度跟冰量都能調整。


八寶冰 55元
淋在剉冰上的糖水，搭配清冰一起入口，瞬間沁涼暢快，搭吃其實就很消暑。


透白的粉角跟綠豆搭配在一起的滋味，同時能吃到兩種食材的Q彈與鬆軟，特別是咬破綠豆的沙狀質地，同時甜味跟香氣也瞬間綻放。


另一項推薦單品則是蜜芋頭，切得很大塊的蜜芋頭鬆軟綿密，而且不會太過甜膩。


原本還在猶豫第五項單品要選什麼？老闆私心推薦蜜蓮子，同樣採用糖漬做法的蜜蓮子，吃起來特別的脆，甜度也不會很高，說是甜點我都會相信。


炎炎夏日到台南玩，不妨順路來吃這碗透心涼的八寶冰。

",[]
Food,[食記] 彰化鹿港好吃蛋塔，內餡綿密塔皮酥酥,dram718 (chris2211),2023-07-17 11:18:11,"店名：叁之犬蛋塔專賣店

地址： 505彰化縣鹿港鎮長安路12之1號

電話： 0958 502 593

營業時間：10:00 - 20:00 (週三公休)

***造訪日期：2023年05月20日***

***內文含價目表***

彰化鹿港必吃美食甜點，老街附近的叁之犬蛋塔專賣店，
蛋塔香價格也香，外皮酥脆內餡綿密，讓孩子們享受甜點吧！


克莉斯汀圖文篇：
https://chrislovemayday.pixnet.net/blog/post/99696543
https://i.imgur.com/PRLROmF.jpg



克莉斯汀又是被IG照片燒到了，

看到IG有人分享蛋塔的照片，

嘴饞的克莉斯汀忍不住殺到彰化鹿港來一探究竟。



克莉斯汀非常喜歡吃某速食連鎖店的蛋塔，

但礙於價格不斷上漲，蛋塔不斷縮水，

愈來愈捨不得吃了，

這天讓我嚐到叁之犬真的太幸運啦，

以後來到鹿港，這間店列為必吃名單！

導航到了叁之犬，是一棟透天厝，

地上放著大大的「蛋塔」的旗幟非常好認，

店內乾淨明亮，服務員也頗親切的，

有些擺設很生動可愛，

也可選擇內用，有冷氣有桌椅來場下午茶好像也不錯唷。

價目表在此：

你沒看錯，就是這麼香的價格，

蛋塔香就算了，價格也香香。

一走進店內滿滿的蛋塔香味撲鼻而來，

應該是開出爐吧否則怎麼這麼香呀！

這天我們就來吃吃他們家的招牌蛋塔吧。

一盒6顆$150還不吃爆！

你看你看，這烤出來的蛋塔看起來多美味，

更別說用聞的，克莉斯一汀到家就忍不住打開來吃了，

不過大家記得先洗洗手再吃唷。


克莉斯汀圖文篇：
https://chrislovemayday.pixnet.net/blog/post/99696543
https://i.imgur.com/4GDV4dZ.jpg






",[]
Food,[食記] 台南 chuju雛菊餐桌,smallta (冷笑生),2023-07-17 09:30:16,"   餐廳名稱：chuju雛菊餐桌
   消費時間：2023年/4月
   地址：台南市中西區府前路二段378號
   電話：06-2974567
   營業時間：11:00~21:00


https://likebestfood.pixnet.net/blog/post/233011393

有圖無音樂版

 久違到台南走走，晚上想吃之前在澎湖有吃過覺得還不錯的雛菊餐桌，默默的分店也變多
了，台中也有了！ 覺得好厲害





位於府前路二段這邊，我也不知道這邊算不算鬧區，但從河樂廣場走過來大概10分鐘左右
，裝潢依舊很漂亮跟豪華

菜單，主打還是分享餐，不過想說晚點吃別的東西，就單點一個棉花糖披薩跟綜合海鮮義
大利麵，加一杯黑醋栗果汁



先送上來的義大利麵，芥末奶油醬汁，吃起來不會嗆辣就是，海鮮蝦子也都撥好了，花枝
蠻有彈性，麵條也不會太軟，整體還是不錯





棉花糖披薩，浮誇系的食物，棉花糖還有造型，底下披薩是起司、棉花糖加巧克力醬，雖
然是甜的但這樣的搭配覺得好吃，薄餅皮吃來有點酥酥口感還不錯，棉花糖就真的都是在
吃糖..



黑醋栗果汁，酸酸的，個人不太愛


最後就是生意還是很好，東西也還不錯吃，如果不吃小吃，找餐廳是還不錯的選擇。吃完
在散步去買藥師紅茶，喝完就不知道為什麼紅，隔壁的甜又鮮飲料也都很有話題！

",[]
Food,[食記] 台北 松江南京 男朋友·家,JimXpp (JimXpp),2023-07-17 01:29:48,"
餐廳名稱：男朋友·家
用餐時間：2023年7月
地址：台北市中山區建國北路二段64巷15號
電話：(02)2502-8628
營業時間：12:00 – 17:00 (週六、週日公休)
每人平均價位：350元
可否刷卡：否

圖文好讀版: https://jimxpplife.com/archives/4462

鄰近松江南京四平街商圈的「男朋友·家」是台北小有名氣的簡餐店，以健康養生的原型食物與手作料理為主打，其外帶餐盒也深受著不少好評。

「男朋友·家」的店面外觀以白色為基調，溫馨怡人的日式家居風格相當顯眼。

店內環境明亮整潔，空間雖不會太大，卻也不會令人感到擁擠。

每張餐桌擺放著水瓶與水杯，供用餐者自行取用，讓人感到相當貼心。

木製的餐具不僅讓整體風格質感提升，也更多了幾分日式極簡的韻味。

「男朋友·家」的菜單可分為內用與外帶餐盒，皆為每季更新，此外也有供應各類咖啡、茶與甜點，最新資訊可參考「官方臉書」。

內用簡餐附有米飯、湯品、當季時蔬、玉子燒與甜點、飲料。

雖然主餐份量不多，但米飯與湯品皆可以免費續一次，因此即使是男生也不用擔心不夠飽足。

「男朋友·家」的米飯採用台東池上的「多力米」，與「池上好店」的口感滋味相當，非常好吃。

湯品則是不定期更換內容，當日是以紅蘿蔔、白蘿蔔等蔬菜為基底的味噌湯，甘甜可口，相當好喝。

蔬菜的份量相當豐富，雖然沒有過多的調味，卻也沒有水煮的單調感。淡淡的甜味與自然的清香相互調和，令人讚賞。

玉子燒口感鬆軟，綿密細緻，鮮甜的蛋香與五香粉的特有氣味非常對味，相當好吃。

鮮甜季節烤魚 — 鱸魚菲力 ★★★★☆
此次用餐我點了烤魚做為主餐。新鮮的鱸魚烤得外酥內嫩，毫無腥氣，與檸檬汁和椒鹽一同搭配，滋味簡單卻美味。

美墨番茄燉牛肋 ★★★☆☆
「美墨番茄燉牛肋」為當然同行友人所選擇的餐點，我淺嚐了幾口。

將牛肋條切塊後，加入香料與番茄一同燉煮，濃郁的番茄香氣帶有些微辣度，相當下飯。

牛肉的口感掌握得恰到好處，不會過於乾硬，雖然好吃，但整體口味卻沒有令人印象深刻的地方，是份在外也不難見到的滋味，因此個人給予評價僅一般。

餐後的飲品可以從紅茶、鮮奶茶與手沖咖啡中選一種，並搭配一塊蛋糕。此次我與友人各選擇了手沖咖啡與鮮奶茶。

雖然飲品在口味上而言沒有特別突出的地方，但蛋糕口感鬆軟綿密，微甜的滋味與飲品一同搭配，亦是相當對味。

整體而言，「男朋友·家」的餐點口味不錯，食材也有一定的水準，令人相當滿意。

可惜以如此份量而言，價格依然稍嫌略高，若能在價格上有所調整，相信會更讓我有時常再訪的意願了。
",[]
Food,[食記] 台北信義 真芳碳烤吐司-信義店 最愛花生花生,AlphaD (DD),2023-07-16 23:56:26,"   餐廳名稱：真芳碳烤吐司-信義店
   消費時間：2023年/6月

110台灣台北市信義區忠孝東路四段559巷16弄17號
人均: 100
6:30am~1:30pm
+886227666766
https://www.facebook.com/ZhenFangShop/menu/

圖文網誌:
http://ddd.psee.ly/55nbgv

真芳在不同的分店大概吃了幾十次一定有

這次位在信義市府這邊的分店，有內用座位

習慣點花生花生加上一杯紅茶鮮奶，看了看再來一塊蘿蔔糕

他們家的東西就是乾淨清心，吃了舒服，其實其他鹹的吐司也是不錯，只是覺得太多了

甜的花生花生是我最愛的，裡面有花生顆粒，還有花生醬，有口感，有香氣，真的超爽的

之前南西誠品店還在的時候，真的很常吃，因為開到下午6pm，吃個下午茶其實不錯，其他分店都開到1:30pm實在是太早關

每間店的品質蠻一致的，這點很重要，希望他們能開晚一點 XD

最愛的組合
- 花生花生
- 紅茶牛奶

https://www.youtube.com/watch?v=anfENhZx9Jw

== 照片 ==
花生花生 45元 手炒花生加花生醬，有口感有味道，很好吃

蘿蔔糕 新的

紅茶牛奶

號碼牌


",[]
Food,[食記] 礁溪老爺酒店 岩波庭無菜單料理,GGYYD5566 (嘿嘿嘿),2023-07-16 23:24:10,"   餐廳名稱：礁溪老爺酒店 岩波庭無菜單料理
   消費時間：2023年/6月
   地址：262宜蘭縣礁溪鄉五峰路69號
   營業時間：10:30 ~ 12:30, 18:00-19:30
   電話：03 988 5211 #8147
   每人平均價位：晚餐$2178，住客晚餐+$880可從自助餐改成這個
   可否刷卡：可
   有無包廂：不知道
   推薦菜色：茶泡飯
   官網：https://www.hotelroyal.com.tw/zh-tw/chiaohsi/dining/1507
","['感覺好餓......', '真的，搞得像法餐一樣，想到服務生來問有沒有吃飽就', '覺得蠻好笑的', '這份量看起來好虛']"
Food,[食記] 雞湯榮麵食館 台北中山 香黏醇百菇雞湯麵,Geiwoyujie (https://reurl.cc/Rlnen?),2023-07-16 23:20:32,"   餐廳名稱：雞湯榮麵食館
   消費時間：2023年/6月
   地址：台灣台北市中山區錦州街14號
   電話：+886 933 753 874
   營業時間：17:00 - 00:30(+1) (週一公休)
   每人平均價位：319 TWD
   可否刷卡：否
   有無包廂：無
   推薦菜色：老火百菇雞湯麵/綜合燒賣/酥炸豆腐/雞油飯
   官網：https://www.instagram.com/jitang_rong/

圖多Blog好讀版
中文: https://ryokousharoody.blogspot.com/2023/07/jitangrong-noodlesoup.html

2023年6月24日這天
和朋友約好在台灣台北中山區吃晚餐
我們晚上來到雞湯榮麵食館碰面

雞湯榮麵食館的地址
是台北市中山區錦州街14號
最近車站是捷運中山國小站

雞湯榮麵食館的生意很好
我們抵達時約莫是19:00
需要稍微等待一下才有位子

不過大概等了5分鐘之後
我們就有位子可以入座了

雞湯榮麵食館點名看起來主打麵食
但其實也有賣雞湯粥等
以及燒賣鳳爪等小菜

這天我點了老火百菇雞湯麵，208 TWD
酥炸豆腐佐私房腐乳醬，35 TWD
以及一碗雞油飯，22 TWD
並和朋友Share一籠綜合燒賣，108 TWD

這裡點完餐後就要付款
只能使用現金支付
不支援行動支付或信用卡

https://imgur.com/tsa0uad.jpg
大概過了10分鐘以後
我點的雞油飯和炸豆腐就先送上了

這雞油飯真的有夠香
雞油配醬油實在是有夠鹹香下飯！

而這個酥炸豆腐
外皮炸的實在是有夠酥脆
裡面則是白泡泡幼綿綿的豆腐

而這個炸豆腐所搭配的醬汁
是獨家特製的腐乳醬
搭配起來真的是蠻合適的！

覺得醬汁不夠的話
也可以自行前往醬料區添加

而再過了五分鐘左右
我的主菜，老火百菇雞湯麵
就緊接著上桌了

https://imgur.com/uAYa0qf.jpg
這裡老火雞湯顏色
看起來棕色帶點金黃
喝起來不僅香而黏
還帶著濃郁的雞湯及菇香

且口味上並不會很重鹹
對於喝習慣正統日式拉麵湯頭的人來說
甚至還會覺得稍微淡了些

雞肉的話選用的是雞腿肉
肉質相當的軟而滑嫩
配上雞香味十足的雞湯
更是加倍的美味！

而裡面的菇類
種類也有不少
更為這個湯頭增加不少鮮香

雖然這整碗雞湯
表現算是相當的出色
但麵條就是讓人稍顯美中不足的地方
這裡的麵條只有細麵一種
我覺得吃起來不論是麵條的彈性
還是口感上的回饋
甚至是對於湯汁的吸附力
都是相對偏弱的
如果能有口感更有彈性的粗麵能選擇
就能更加接近完美了

https://imgur.com/TOTZXXG.jpg
而燒賣的部分
我和朋友所Share的綜合燒賣
裡面有蟹黃燒賣和蝦仁燒賣兩種

蝦仁燒賣上面有一尾蝦仁
吃起來用料蠻紮實的
口感彈性相當不錯

蟹黃燒賣的口感彈性也很棒
感受的出用料的紮實
是非常值得食用的小點心

而朋友這天點的主食
則是老火剝皮辣椒山藥雞湯
價錢一樣是一碗208 TWD
湯頭的色澤令人感覺相當不錯

此外朋友還點了現煎的荷包鴨蛋！
一份是25 TWD
還保留著半熟的蛋黃
看起來十分的誘人！

雞湯榮麵食館整餐吃下來的感想
雖然有些不太完美的部分
尤其是麵條的口感
但是雞湯的香醇與黏無可挑剔
整體來說我覺得還是有其特色
而且優勢大於劣勢
此外燒賣/炸豆腐/雞油飯也很推薦

下次有機會的話
還會想要再來吃一次看看
來試試這裡的老火雪菜鱸魚湯粥

","['那不是蟹黃吧 怎麼看都是柳葉魚卵', '我吃這家都只點湯，190。']"
Food,[食記] 台北市文山區-早。自己(木新店),fatlee (fatlee),2023-07-16 22:25:45,"
   餐廳名稱：早。自己(木新店)
   消費時間：2023年/7月
   地址：台北市文山區木新路二段228號
   電話： 02 2937 0520
   營業時間： 06:10–14:00


圖文網誌版: https://twpang.com.tw/blog/post/muxin_moringmyself


",[]
Food,[食記] 屏東市區勝利星村 耕心好食(老菜脯雞湯 ,TW00500203 (Ming),2023-07-16 22:01:03,"【耕心– 好食、好物、共好平台】
電話：08 732 5595
地址：屏東縣屏東市永勝巷6號
營業時間：11:00–19:00(週二三公休)
用餐時間：2023年2月
每人平均價位：200~300
服務費：無
",[]
Food,[食記] 台北 Hana錵鐵板燒 創意高檔鐵板燒料理,gillianshine (☆earrings☆),2023-07-16 21:00:43,"

圖文網誌好讀版：https://chantal1109.pixnet.net/blog/post/406330469

Google查詢知名人氣鐵板燒店家，Hana錵鐵板燒榜上有名
他們家的套餐價格，約落在2000~3000台幣之間，以他們家的名氣，對應這樣的價格還算
佛心。

在攀爬樓梯時，就能感受到其具有日式風格的裝潢
櫻花樹林後有大片的投影，介紹他們家餐廳的淵源及特色

高等級的餐廳，除了食物本身，裝潢及氛圍、服務態度也是非常重要的指標。Hana錵的大
廳就頗優雅大氣。
前往用餐區可以看到排列整齊的大片酒櫃。

官網的介紹文字是這樣描述的：「沿著潺潺瀑布、踩著原木階梯，延續著身心解放後的輕
鬆」
「眼前展現的是如此寬敞、自然原始、精緻優雅的用餐環境，獨一無二的VIP大包廂。」
「Hana 錵數十年來一直秉持著精緻路線從服務的親切令你驚喜外，更讓您真正享受一場
烹飪藝術的極致與絕佳美食饗宴。」

是的～歷史悠久締造出的優秀服務，搭配沈穩具有質感的空間設計，一開始就讓人印象良
好。

其實現場用餐時間可說是人潮洶湧，我是一直等到人潮散去、餐廳休息時間前一刻才能拍
到以上照片。


▲餐桌上擺放遇水就膨脹濕潤的折疊乾紙巾。
▲一入座即有的生食蔬菜，包含小黃瓜和胡蘿蔔條。
▲基本的沾醬和配料。


來看看他們家的菜單吧~

套餐分別有海陸全餐（NT.1880~7500）和特選全餐（NT.1600~3000），海陸全餐多了魚和
海鮮但肉排克數較少或價格較低，可依個人需求自行選擇。

另外還有精選午餐（NT.780~980）和商業午餐（NT.1380~2480），但前者供應時間只有平
日，後者週末的供應時間最晚是下午一點。

我最後擇定海陸全餐的美國沙朗牛排5oz(NT.2280+10%)，姊姊則是極黑牛肋眼牛排
5oz(NT.2880+10%)。
但餐廳告知今日沒有極黑牛肋眼牛排，可加400元換成更高檔的鹿兒島和牛(NT.3280+10%
，菜單上沒有)。另外姊姊還加價1000元將明蝦升級成龍蝦。


＊熱湯＊

▼菠菜湯：濃郁的蔬菜湯頭十分鮮甜。
▼南瓜湯：看似平凡的南瓜湯，但遠比普通的南瓜湯質地輕盈，沒有粗糙的纖維反而香濃
絲滑。另外還有洋蔥湯和海鮮清湯可供選擇。

＊前菜＊
▼香蒜麵包：酥脆微焦的邊緣和蒜香味十分誘人。

▼鳳尾明煆：彈牙蝦身搭配蜂蜜芥末醬和香菇花椰菜，滋味豐富。

▼焗烤龍煆
需另外加價千元大鈔一張，但是龍蝦很大隻，感覺頗划算。
會附上清潔檸檬水和食用工具，很貼心。
和明蝦一樣都有蜂蜜芥末醬可供搭配，肉質肥厚份量充足，可添加不少飽足感。

▼時令鮮魚-松露奶油圓鱈
鱈魚搭配松露奶油醬及起司番茄，番茄用起司包裹後烤的酥酥的。
品嚐時一股濃郁松露氣息飄來，細緻鱈魚和酸甜番茄成為饒富趣味的美妙變奏曲。

▼時令海鮮-焗烤蟹肉
滿滿奶焗裡藏著誘人蟹肉和其他佐料，焗烤愛好者一定會喜愛的料理。

▼時令海鮮-百香果慕斯干貝
乍看有點不知所以然，撥開泡沫慕斯後是很大顆的北海道生食級干貝
表面煎至金黃焦酥，搭配干貝絲和微酸的百香果慕斯泡沫，感受視覺味覺的震撼及經驗，
確實很有創意。

▼季節沙拉-胡麻醬日式沙拉
淋上日式風味的胡麻醬後香氣四溢，份量不少。


▼魚子醬鴨肝慕斯蒸蛋 ：Hana 錵給的食物份量都不小且用上許多高貴食材實在大方霸氣
。除了魚子醬、鴨肝等，蒸蛋底部也有松露醬。


＊主菜＊正在用心製作擺盤。

▼美國沙朗牛排5oz (NT.2280+10%)
份量還算充足的沙朗牛肉旁， 配有油漬番茄、芥末子醬、海鹽、蒜頭、烤蔬菜....等豐
富佐料。
表面煎至漂亮的焦烤色，但內在仍維持著粉紅色澤和軟嫩。
切開來讓大家看看唯美的切面。

▼鹿兒島和牛5oz (NT.3280+10%)
▲如此高檔的和牛料理前，廚師先讓我們欣賞一番。
鹿兒島和牛和沙朗相比，油脂更多。因此更有入口即化的絕妙滋味，充滿爽口的肉汁油花
。
橫切面是分佈均勻的油花。

▼季節青菜-胡麻醬日式沙拉
娃娃菜和絲瓜枸己的搭配，盛放在蛤蜊干貝絲湯內，清甜爽口又美味。

到此鐵板燒的部分告一段落了。

結束主菜後，會被安排移駕至咖啡廳。
座位很多。這裏的氣氛超好，可以好好的享用甜點及聊天。
但是還是有限制時間。休息時間2:30一到還是會請你離開～

▼水果、甜點、茶或咖啡，今天點了洋甘菊茶
▼水果及甜點-法式布蕾
布蕾的份量如下，頂部撒上可可碎片。


▼其他包廂區的裝潢，確實很具有古風禪意及大自然氣息。
今天在Hana錵鐵板燒的用餐感受確實非常滿意。
▼先進的服務生機器人。
附上發票證明。


***********餐廳資訊**************


地址：台北市中山區農安街32號2F

電話：(02) 2596-7204

營業時間：11:45~14:30 ; 17:45~22:30

拜訪日期：2022/12/10

",['這家老店了 東西都很穩']
Food,[食記] 台北 中山區｜赤哥汕頭火鍋,roger31311 (Roger),2023-07-16 19:17:17,"餐廳名稱：赤哥汕頭火鍋
消費時間：2023年/7月
地址：台北市中山區松江路313巷2號
電話：02-2518-1922
營業時間：11：30–14：00│17：00–21：30
每人平均價位：$450


好讀圖文版：https://rlaidiary.com/redoxbro/


鄰近行天宮的赤哥汕頭火鍋
以自製手工沙茶醬和台南直送溫體牛
在競爭激烈的火鍋市場中殺出一條道路
吸引不少老饕來此用餐

只是店門外的招牌讓人有點錯亂
到底名稱是「赤哥」還是「赤牛哥」啊…
查了一下 Google 與臉書
應該是赤哥沒錯…XD

門口外半露天的位置加上室內空間
整體用餐座位算是挺多的
很適合家庭或朋友多人聚餐

店內除了菜單上的肉類、海鮮品項採點餐模式外
其他的菜盤、火鍋料和飲品
則是採自取的方式
價位依盤子或飲品價目表計價

醬料區也是重點之一
這裡最有名的就是沙茶醬
以花生粉、蒜頭、老薑等多種辛香料
費時全手工做出芳香濃郁的滋味

如果吃完覺得對味的話
沙茶醬也有在做販售
有興趣的人可以參考看看

要注意一下
這裡白飯和滷肉飯是要收費的
不要以為是免費自取…XD


赤哥汕頭火鍋 菜單

點餐時先選火鍋湯底
分別是扁魚沙茶湯和冬菜清湯
也可以做成鴛鴦鍋

再看看想要那些肉品和海鮮
其他部分基本上都是到冰箱自取

冰箱上方有盤子的樣品與價位
在取餐時可以對照一下金額


鴛鴦鍋(小)│100元

鍋體分為大、中、小三種選擇
可以依用餐人數選擇

但選擇鴛鴦鍋不用加錢
當然要一次吃兩種湯底啊…XD

冬菜清湯走的清淡路線
有種淡淡中藥香氣
滋味清甜適合喜歡食材原味的人

扁魚沙茶湯是用招牌沙茶醬
加上扁魚、花生醬及其他配方調製
湯頭濃醇溫潤但不油膩
這獨特的風味很難讓人抗拒


台灣溫體牛(小)│350元

赤哥的主打招牌之一
由台南直送的限量溫體牛肉
不用大老遠的衝到南部就能享用

將牛肉放到鍋內輕輕的涮上幾秒
軟、嫩、香的味道
就是溫體牛迷人之處

再配上另一項招牌沙茶醬
美味程度又翻上另一個等級

老饕的吃法則是把牛肉和薑絲放到碗內
再淋上滾燙的冬菜清湯
讓溫體牛肉慢慢的變成粉嫩色澤
就是鮮甜的最佳吃法


雙人海鮮拼盤│680元

華麗的海鮮拼盤
有著水晶白蝦、野生草蝦、台灣鯛、小卷和蛤蜊
品質真材實料新鮮沒話說
喜歡吃海鮮的人必點


大陸妹、高麗菜│60+60元

店內的蔬菜看起來賣相都不錯
開鍋後可以先下些蔬菜
讓湯頭能吸收鮮甜味
而且大魚大肉還是得要搭配些青菜
讓營養均衡一點


手工牛肉丸│150元

赤哥的手工丸子都很實在
一顆顆的個頭像是乒乓球大小
咬下去很紮實彈牙
而且牛肉的味道相當明顯


手工三鮮丸│150元

喜歡海鮮類的人可以試試
料好實在又Q彈
裡頭餡料很飽滿


土雞蛋餃│50元

使用土雞蛋做成的
外皮比起坊間蛋餃更厚實
下到鍋裡久煮也不容易散開


手工魚餃│120元

來自基隆的手工魚餃
不管是外皮還是內餡都很有水準
推薦給喜歡吃火鍋料的人


手工腐竹│60元

還沒煮過的腐竹薄薄脆脆
感覺像是餅乾一樣
下鍋之後吸收湯汁
變得厚實好吃有滋味


滷肉飯│35元

鹹甜鹹甜的滷肉飯
感覺是偏向南部口味
豬肉部位半肥半瘦
有膠質感卻不膩口


平均花費與心得

此次平均花費金額：908元/人(未包含10%服務費)

店家以手工自製沙茶醬
和台南直送溫體牛打響名號
食材存放在冰箱中自取
乾淨新鮮看的到
在台北能有這種品質的鍋物
其實也是相當幸福

",['謝謝介紹']
Food,[食記] 台北.中山 - 女王漢堡  炸雞,b122771 (躺平的韭菜),2023-07-16 18:18:42,"餐廳名稱：女王漢堡  炸雞
消費時間：2023.7.14
地址：台北市中山區民族東路2號
營業時間：11:30 ~ 20:30   一休息
電話：02 2594 3547
每人平均價位 $：165
推薦菜色：1/4炸雞套餐


https://imgur.com/fj9rN1h
2023╱7 - 菜單


https://imgur.com/Jd54haz
1/4炸雞套餐：165元
一杯飲料、一根雞翅膀、一塊腿排肉、薯條、一個餐包


星期五晚上去用餐，餐廳客滿。
雖然名為漢堡店，但見大多數人點用1/4炸雞套餐。點漢堡的較少。
薯條乾澀，我覺得不好吃。
炸雞部分還好，但沒有特別的記憶點。


食客給分︰70分
短評︰普通好吃，覺得不須特意跑一趟

","['以前覺得女王是心中第一，雖然有點鹹，後來漲價又有了', '富豪之後，就覺得女王沒什麼了']"
Food,[食記] 台北.士林 - 富豪食品行  炸雞店,b122771 (躺平的韭菜),2023-07-16 18:09:04,"餐廳名稱：富豪食品行  炸雞店
消費時間：2023.7.12
地址：台北市士林區福華路166巷5號1樓
營業時間：16:00 ~ 21:30   一、二休息
電話：02 2832 5700
每人平均價位 $：260
推薦菜色：竹籃炸雞


https://imgur.com/E0ScNvi
2023╱7 - 菜單


https://imgur.com/qmUXSsO
竹籃炸雞：260元
一罐飲料、兩根雞翅膀、兩塊腿排肉、薯條

味道：具有美味的調味，外酥內嫩，以及香氣四溢。
外觀：具有金黃色的外皮，外脆內嫩。外皮均勻地覆蓋在雞肉上，。
口感：有口感豐富，外脆內嫩。外皮酥脆，雞肉保持多汁嫩滑。


食客給分︰80分
短評︰味道不錯，好吃

",['富豪讚！']
Food,[食記] 新北 口福佳味燴飯 咖哩飯 瑞芳美食廣場,mabo45 (茶茶),2023-07-16 18:08:12,"   餐廳名稱：口福佳味燴飯
   消費時間：2023/07
   地址：新北市瑞芳區民生街35巷2號第3攤位
   電話：02-2496-0335
   營業時間：11:00-20:00(週日公休)
   每人平均價位：NT $100
   可否刷卡：否
   有無包廂：否
   推薦菜色：主廚咖哩飯


-

blog網頁圖多版：
https://eatballtaiwan.blogspot.com/2023/07/blog-post_16.html


-




 口福佳味燴飯
瑞芳美食廣場擁有許多攤位，
裡面除了許多在地人愛吃的小吃外，
還有冷氣放送，是許多人午晚餐選擇的好去處，
之前也多次來到這尋覓美食，
這次想來嘗試看看，每次都很多人排隊的攤位，
究竟有什麼魔力～？

環境介紹
內用環境乾淨明亮，
小小的攤販大約只能擠四個人。


若是用餐人數比較多，
瑞芳美食廣場中間也有一區是自由座位，
那邊的座位比較多，
但就建議要一部分的人先佔位置，一部分的人先去點餐囉。





菜單
店家沒有紙本菜單，
全部都印在攤子上給顧客看，
或是也可以按照食物的照片向店家點選餐點。






實際用餐

這次點選的是主廚咖哩飯，
上餐時老闆會詢問是否要湯，
湯是不用額外收費的，送上來的是紫菜蛋花湯。



主廚咖哩飯

咖哩是我在基隆附近吃到很好吃的味道，
基隆的咖哩有一個流派，吃起來都會粉粉顆粒感明顯，
口福如果細細品嚐會有粉感，但並不明顯，
咖哩味適中，內含紅蘿蔔與馬鈴薯，都已經燉煮到很軟嫩，
雞肉部分就表現得比較乾柴，有咖哩醬做搭配，
就比較能忽略雞肉的表現。

米飯本身非常的香甜，有稍微偏濕，但又不會黏在一起，
是很好吃的米飯。

紫菜蛋花湯

湯的味道是很平淡的，沒有過多的調味。






整體心得分享
整體來說主廚咖喱飯的表現很不錯，
好吃的咖哩醬汁配上米飯，一碗飯默默地吞進肚子了T__T
減肥果然是明天的事呀（？

這間是吃寶往後經過還是會想再訪的店家，
不妨可以嚐嚐看豬排咖哩飯，
多加10塊錢，能有炸豬排，感覺是CP值很高的選擇。

",[]
Food,[轉讓] 07/19旭集信義店下午茶3位訂位,fortyseven (噗將),2023-07-16 17:16:47,"
   餐廳名稱：旭集 和食集錦
   地址：110台北市信義區松仁路58號
               信義A13 大遠百 9樓

   訂位日期時間：07/19 14:30
   轉讓人數：3 （可少於3位用餐）
   價格：1500訂金（其餘餐費需自行現場結帳）

   注意事項：匯款後提供訂位人資訊與號碼。



",[]
Food,[食記] 台中北區。金寶茶餐廳,larle (認命選擇保護自己),2023-07-16 15:46:19,"   餐廳名稱：金寶茶餐廳
   消費時間：2023年/7月
   地址：台中市北區館前路23號
   電話：04-23268511
   營業時間：11:00-21:00

圖文版：https://iamlarle.blogspot.com/2023/07/blog-post_16.html

    這天到科博館一帶遊盪，中午便就近到這家金寶茶餐廳。

    二樓用餐空間很大，平日正午客潮不多。

廣東炒麵 190元  培根高麗菜 190元

https://i.imgur.com/6slZ7EC.jpg

    炒麵為煎炸麵條淋上燴料，初上桌時麵條脆口，久置則因
湯汁浸泡而漸軟。燴料鹹香鍋氣一般，有豬肝、高麗菜、香菇
、百頁豆腐、魷魚及蝦仁等。

    高麗菜帶梗部位居多，有些很大片未切小，比較不是個人
喜歡的走向。鍋氣尚可，油鹽適中，培根角色有限。

金寶蝦餃皇 140元  蜜汁叉燒酥 115元

https://i.imgur.com/JtuVjGc.jpg

    蝦餃餃皮軟彈，蝦肉有味帶鮮。

https://i.imgur.com/jEVSy2A.jpg

    叉燒酥麵衣酥度尚可，不油膩，叉燒餡滋味一般。

蟹黃靚燒賣 105元  豉汁蒸排骨 105元

    燒賣蟹黃若有似無，肉餡紮實，鮮味普通。

    豉汁蒸排骨的排骨量不多且骨頭佔比高。

脆皮流沙包 125元  椰汁西米露 80元

https://i.imgur.com/9oLufrR.jpg

    脆皮流沙包意外不差，表皮酥而無油，內餡鹹甜不膩，但
流淌效果有限。

    椰汁西米露的椰奶香氣挺好，只是甜度偏高。

    一路吃來印象不深，也許是沒點到招牌品項。用餐期間空
調微弱，吃得我滿身大汗。


",[]
Food,[食記] 新莊 富士雞肉飯,a22028504 (T.L.王),2023-07-16 15:05:36,"   餐廳名稱：富士雞肉飯
   消費時間：2023.7.16
   地址：242新北市新莊區富國路164號
   營業時間：中午到晚上
   每人平均價位：100-200
   電話:(02)2204-2203


最近發現家裡附近開了一間雞肉飯店，

有一次晚上熱門時段想去吃，但人很多就作罷了

今天在下午兩點，挑個比較沒人的時段去嘗鮮一下

跟預料的一樣，沒什麼人。

這次吃點了招牌雞肉飯

內容物：白飯、青菜、豆腐、獅子頭、雞肉

感覺吃起來都不錯吃

雞肉無骨軟嫩

環境也蠻乾淨的（畢竟是新開的店）

要說缺點的話，應該就在這市郊價位算高了一點

推薦給只想吃美食的您

第一次發文，有違規的地方多包涵^^

",[]
Food,[食記] 高雄 泰平的店平價泰式料理 品項選擇障礙,fish1234557 (費雪),2023-07-16 14:27:40,"   餐廳名稱：泰平的店
   消費時間：2023年/05月
   地址：高雄市鼓山區昌盛路322號
   電話：07-5543278
   營業時間：11:00~14:00。16:30~20:30(周日休)

圖文好讀版
https://lealea0614.pixnet.net/blog/post/356386144

難得到北高逛百貨公司

就看了一下自己北高的清單

這家我想來吃好幾次

剛好又想吃泰式

查了一下評價快破千還有四點多顆星

越看越餓


菜單

品項超多

真的直接眼花撩亂選擇障礙耶

除了泰式韓式日式台式還有雲南擺夷呢

貼心如我

菜單分上下兩張拍

怕大家看不清楚


有提供熱湯

餐具、醬料自取

就連冰箱的小菜也這麼多選擇!!!


青木瓜絲吃起來很清爽

還有花生碎粒

搭著一起吃口感豐富


自從厚德福小菜沒有豬肝之後

我真的也是很少看到店家有涼拌豬肝了

看到毫不猶豫就點

加了蒜頭口味有點重可是我喜歡


泰式打拋豬肉蓋飯$90

蠻大一碗的

可是醬汁有點少

但口味蠻重的還是很下飯啦

只是如果只吃這個會覺得有點單調

還是要點其他菜才不無聊


泰式辣炒牛肉河粉$105

河粉比較寬不過有炒入味

豆芽菜蠻多的

還有點鍋氣味

就可惜肉有點少


泰式檸檬鮮魚片$160

這個酸辣度蠻剛好的

魚片也夠多


炒高麗菜$70

比較重口味一點

有一點辣

很下飯


蝦仁煎蛋$120

這個我覺得CP很高耶

一大盤很有誠意

蛋煎的也不會很油


吃光光啦!!


我們都蠻喜歡的

品項選擇多價位平價份量多

CP都蠻高的

聽說好像要搬家了

如果之後有確定地點

再來更新店家資訊唷

",['以前在附近上班也很愛訂這家！很長青的店XD']
Food,[食記] 台中 沙鹿區｜乳牛牧場景觀餐廳,roger31311 (Roger),2023-07-16 11:51:25,"餐廳名稱：乳牛牧場景觀餐廳
消費時間：2023年/7月
地址：台中市沙鹿區台灣大道六段399號旁
電話：04-2633-0128
營業時間：17：30–02：00
每人平均價位：$599


好讀圖文版：https://rlaidiary.com/milkcow-bbq/


鄰近東海大學的乳牛牧場景觀餐廳
乍聽之下會讓人以為是牧場加餐廳的組合
殊不知其實是間戶外碳烤
這個名稱真是讓人猜不透阿…XD

店門口備有專屬停車場
停車空間很大很方便
要聚餐約來這裡也不用擔心

進到店內會看到大大的歡迎告示
上頭以許多國家的語言組成
可能是因為附近有工業區
所以也會有些外籍人士來用餐的關係

用餐空間很寬廣但尖峰用餐時間人潮還是很多
座位區是半露天的模式
有一些區域有搭設棚子

還有一些區域是沙發座位
甚至還有包廂
但這部分不知道有沒有消費金額限制…

如果是坐在邊緣的位置
視野其實相當不錯

隨著太陽漸漸的落下
可以欣賞到夕陽與夜色
所以才會多了景觀餐廳的稱號吧

在這種氛圍下烤肉
是不是有種很Chill的感覺啊！

雖然是戶外式的用餐空間
但洗手間的數量與環境倒是不用擔心

另外舞台區晚上還有現場駐唱
讓氣氛又更High了

雖然店家主打的是燒烤
但熟食區其實有點像是Buffet

裡面品項倒是出乎意料的多
只是器皿旁都沒標示菜名
可能得一個一個打開來看…

其他還有竹筒飯、擔仔麵、刈包、包子及饅頭等
不用擔心吃不飽

水果和零食區也很方便
適合拿來先哄哄小朋友

烤肉的好朋友吐司這裡也有
而且還有用小袋子分裝
乾淨衛生又方便

多達二十種的醬料和辛香料
讓人選擇障礙都快發作了

茶包、飲品和甜湯
清涼退火的都在這裡

如果覺得飲品威力還不夠
也有冰棒和冰淇淋

看完琳瑯滿目的熟食後
燒烤的生食材料區也很豐富
肉品包含了牛肉、豬肉、雞肉和羊肉等
又分為原味和調味的品項

喜歡海鮮的也不用擔心
選擇一樣很多
尤其是新鮮直送的鮮蚵超熱門
幾乎每張烤網上都看的到

最後則是一些燒烤也會看到的食材
店家已經先幫忙串起來了
讓燒烤時更加方便


乳牛牧場景觀餐廳 價位

用餐費用分為平日晚餐、假日晚餐和消夜時段
最特別的是用餐時間居然長達三個小時
第一次遇上這麼大氣的吃到飽店家…


開場先用熟食墊墊胃
餐點的表現都還OK

接著換烤爐登場
烤爐上會有大格的烤網
旁邊還會附上一個烤盤
可以依食材的特性搭配使用

也會附上豬油塊
或是到熟食區挖些奶油
搭配不同食材與烤盤來使用

另外店家也有提供鋁箔紙
可以墊在烤網上
讓食材更衛生也能吃的安心

食材放上烤網馬上就香味四溢
拍個幾輪後天色漸暗
就偷懶沒拍了…XD

最後再以冰棒和甜品
開心愉快的為晚餐收尾


平均花費與心得

此次平均花費金額：599元/人(未包含10%服務費)

以戶外吃到飽的燒烤來說
餐點及服務都還不錯
食材的存放環境乾淨衛生
重點是用餐氣氛很High
吃燒烤、看夜景還有現場演唱
真的非常愜意啊

",[]
Food,[食記] 台北 嚮辣和牛麻辣鍋 台北松江店 Häage,lumike0602 (luman),2023-07-16 11:25:47,"嚮辣 和牛麻辣鍋 台北松江店

地址:台北市中山區松江路131-1號

用餐時間:2023 7月假日中午

平均費用:898+10%/人

營業時間:11:30-03:00

電話: 02-25151658

",[]
Food,[食記] 新竹竹北 旅人關東煮串燒酒場，好吃串燒!,h294799 (Katy),2023-07-15 23:05:01,"   餐廳名稱：旅人關東煮串燒酒場
   消費時間：2023年/4月
   地址：302052新竹縣竹北市復興三路一段82號
   電話：0986 578 382
   營業時間：（週二～週六）17:30-23:30，週日週一公休
   每人平均價位：500
   推薦菜色：剝皮辣椒豬肉串、起司剝皮辣椒牛肉、櫛瓜串、大阪燒雞肉串、柚子胡椒雞肉串、明太子洋芋
",[]
Food,[食記] 犇王牛排 基隆安樂 香酥雞腿排何首烏雞湯,Geiwoyujie (https://reurl.cc/Rlnen?),2023-07-15 22:43:13,"   餐廳名稱：犇王牛排
   消費時間：2023年/7月
   地址：台灣基隆市安樂區基金一路135巷11-2號
   電話：+8862 2431 9777
   營業時間：11:00 - 13:00；17:00 - 20:00 (週一二三五)
             11:00 - 20:00 (週六及週日)
             週四公休
   每人平均價位：330 TWD
   可否刷卡：否
   有無包廂：無
   推薦菜色：香酥雞腿排/何首烏雞湯
   官網：https://www.facebook.com/Keelungbenking/

圖多Blog好讀版
中文: https://ryokousharoody.blogspot.com/2023/07/benking-steakhouse.html

2023年7月1日這天
早上先和朋友爬山
所以來到台灣基隆安樂情人湖一帶
中午則來到了附近的犇王牛排吃午餐

犇王牛排的地址
是基隆市安樂區基金一路135巷11-2號
最近公車站是情人湖路口

中午的用餐時間
犇王牛排基本上是滿座的
座位需要稍微等一下才有

這天我點的是香脆雞腿排
價錢是一份330 TWD
這價錢包含了飲料冰淇淋
還有麵包及湯等自助吧

這裡的湯有供應
一般台灣牛排店供應的玉米濃湯

也有供應頗具特色的湯品
比如這個何首烏雞湯

而且不是只有湯而已
裡面真材實料放了不少雞架

飲料的部分
則是汽水和紅茶等
約有五種口味

而冰淇淋的部分則有四種口味
分別是香菜/巧克力/薄荷巧克力
以及一款看起來像是花生的?

這裡的烤麵包有兩種口味
一種是大蒜麵包
另一種是巧克力麵包

https://imgur.com/ZPPCOVf.jpg
大蒜麵包已經幫客人塗好醬料
直接放入麵包機烤就可以了
吃起來相當的方便

大蒜麵包吃起來蒜味蠻香的
搭配烤的酥酥的邊緣很不錯

而巧克力麵包是先用白麵包
放入烤箱中烤好
再塗上巧克力醬的

而湯品的部分
我覺得濃湯味道還不錯
口味上算是蠻香濃的

裡面也有玉米蟹柳條等配料
灑上黑胡椒喝起來很不錯

https://imgur.com/rtTuD5K.jpg
而何首烏雞湯裡面
其實有不少雞骨架
以免費的湯品來說
肉量算是不少了

何首烏雞湯裡面還有放枸杞
喝起來味道甘而醇且順口

何首烏雞湯可以自行取用
所以最後也多喝好幾碗
以及嗑了不少雞骨架

而點完餐後大概過了20分鐘
我的香脆雞腿排上桌了！

https://imgur.com/4dMWq5Z.jpg
這裡的雞腿排外皮煎的很香酥
不過雞肉雖然軟嫩
但沒有什麼調味

沒有調味過的雞腿排
我則是灑上了玫瑰鹽
搭配煎的香酥的外皮
單純的鹽味搭配雞肉
吃起來風味極佳

而鐵板麵的部分
這裡的麵條口感彈性很好
放在鐵板上煎過更是香

當然定番的荷包飯也有
而且還會附上豌豆

而朋友點的餐點
則是牛排和雞腿排的雙拼
一份價錢是550 TWD

和朋友交換了一塊牛排吃
個人覺得以台式牛排的標準來說
口感算是蠻OK的

犇王牛排這裡的雞腿排
個人覺得外皮口感非常酥脆
裡面的肉沒什麼調味
搭配玫瑰鹽非常適合

而且沙拉吧蠻喜歡的
有何首烏雞湯頗具特色

順帶一提
這裡只收現金
不收信用卡或行動支付

",[]
Food,[食記] 高雄鹽埕｜鐘庵日本料理＿道地日式蕎麥麵,syuanfeng (睡飽再說),2023-07-15 22:40:09,"   餐廳名稱：鐘庵日本料理
   消費時間：2023年5月
   地址：803高雄市鹽埕區五福四路65號
   電話：07-5215488
   營業時間：11:00～14:00；17:30～20:30
——
完整圖文版：https://after-sleep.com/shoan/
——

我媽是個很少在外面用餐的人，難得某天平日剛好要帶他到鹽埕區辦事，就逼她跟我們一
起找間餐廳來吃吃啦～鹽埕區雖然有非常多好吃的餐廳或小店，但考量我們帶著嬰兒與長
輩，所以還是找有冷氣又好停車的餐廳，後來就找到了這家每次經過都會瞄一眼但未曾停
留的鐘庵日本料理啦

雖說這是家在這裡開了十幾年的老店了，不過點餐的方式倒是蠻現代的～每桌桌上有一組
QR Code，等店員確定開桌後就可以直接用其中一台手機線上點餐了，超級方便的～（上
圖的菜單是在門口拍攝的，字看起來有點小）

鐘庵日本料理位於五福四路上，由於這裡是從南高雄往來鹽埕區的要道，相信大家常經過
的話應該都會看到這家店的～看其他部落客的介紹，這家店似乎是日本本土的連鎖餐廳，
而高雄店則是海外第一家分店，後來查到了鐘庵的日本官方網站，發現台灣高雄店真的是
海外唯一一家分店，這樣感覺就蠻酷的呀

來訪前有先打電話確認位置情況，店家說假日是沒辦法訂位的，請我們直接到現場即可，
結果好在來的時候沒什麼客人，馬上就可以安排入座了。從店內的桌椅、吧台到和室包廂
都可以看得出滿滿的日式風情，座位的數量其實還算蠻多的，不要在用餐尖峰時段來的話
應該都有位置

就連提供給小孩的兒童椅都很有日式的感覺，不過我們的小飯糰還太小了，乖乖待在嬰兒
車就好XD

等候了一會後餐點終於上桌了，來訪的這天高雄真的超級炎熱，老媽就點了他們家招牌的
蕎麥冷麵套餐，不得不說看起來應該是我們三個人中最好吃的餐點，軟Q又有嚼勁的蕎麥
麵搭配由蘿蔔泥、蔥花與芥末調成的蘸醬，一口接一口沾著吃真的很棒

原本不想吃炸物的我不知道哪根筋不對就點了天婦羅套餐，認真說個人覺得蕎麥麵還是冷
麵比較適合，所以自己吃著湯麵就覺得略微單調一些，不過炸天婦羅還蠻好吃的，用料都
很新鮮～

最後是先生點的燒肉定食，燒肉吃起來軟嫩且味道不會過重，搭配清爽的配菜再擠上一些
檸檬汁真的很開胃，不過隨餐附上的味噌湯就蠻鹹的，可能是道地的日式口味吧～

吃完後覺得非常滿足，看著他們家的菜單還有很多不錯的料理，下次有機會再來試試看蓋
飯或其他種類的定食吧！如果你剛好來到鹽埕區又想找間舒適的店用餐的話（特別是帶著
家人或長輩），蠻推薦來這家鐘庵日本料理試試看唷

",['感謝分享']
Food,[食記] 台北南港昆陽 金春發牛肉店(牛肉湯熱炒,TW00500203 (Ming),2023-07-15 21:28:45,"【金春發牛肉店】
電話：02 2653 8189
地址：台北市南港區忠孝東路六段372號
營業時間：11:00–14:30, 17:00–21:30
用餐時間：2023年06月
每人平均價位：150~300
服務費：無
",[]
Food,[食記] 屏東市區勝利星村 滿麵屋六塊厝阿滿麵店,TW00500203 (Ming),2023-07-15 21:26:16,"【六塊厝阿滿麵店（滿麵屋）】
電話：08 766 0773
地址：屏東縣屏東市青島街114號(勝利星村)
營業時間：09:00–14:00, 17:00–20:00
用餐時間：2023年02月
每人平均價位：100~300
",[]
Food,[食記] 金門包子 沙美在地美食 中興包子店,dong1104 (東蛙),2023-07-15 20:41:40,"   餐廳名稱：中興包子店
   消費時間：2023.04
   地址：金門縣金沙鎮沙美61-1號
   營業時間：6:00-售完為止
   每人平均價位：50
   可否刷卡：否
   有無包廂：無
   推薦菜色：肉包


好讀圖文版：https://www.dongwa.tw/zhongxing-baozi/


在金門沙美老街內有一間號稱「全金門最難買到的包子」，那就是金門沙美中興包子店，
純手工老麵做的包子饅頭生意真的很好，每天早上六點就開賣，晚來真的就買不到，招牌
肉包以及辣味肉包絕對是必買必吃，包子皮口感Q彈、內餡鮮甜多汁，真的是非常好吃唷
！

中興包子店的位置就藏身在金門沙美老街內，鄰近張氏洋樓附近

中興包子店的包子饅頭口味不算多，有紅豆沙包、辣味肉包、招牌肉包、高麗菜包、葡萄
乾饅頭、蔥花捲、白饅頭以及黑糖饅頭

中興包子店創立於1968年，至今已有50多年的歷史

他們的包子蒸好後，還會再淋上一大壺冷水

最後再悶蒸一下包子就算蒸好了，每一顆肉包都白白胖胖的

招牌肉包(20元)

中興包子店的招牌肉包真的是不錯吃，包子皮雖然厚但口感Q彈，就像是在吃饅頭一樣，
但會吸飽肉汁，直接吃還滿夠味的，而內餡飽滿多汁，吃一顆就很有飽足感唷！

",[]
Food,[食記] 鶯歌宵夜 肉燥豬油豬骨湯頭 勇伯垃圾麵,dong1104 (東蛙),2023-07-15 19:54:30,"   餐廳名稱：勇伯垃圾麵
   消費時間：2023.07
   地址：新北市鶯歌區中正一路157號
   電話：02-8677-6000
   營業時間：16:00~22:00
   每人平均價位：100
   可否刷卡：否
   有無包廂：無
   推薦菜色：垃圾麵



好讀圖文版：https://www.dongwa.tw/yongbo-lesemian/


這間位於新北鶯歌中正一路上的「勇伯垃圾麵」，是一間相當推薦的鶯歌宵夜以及鶯歌小
吃好選擇，在地經營超過50年的勇伯垃圾麵是許多地在人的宵夜口袋名單之一，勇伯垃圾
麵的餐點種類不多，主食只有垃圾麵、乾麵、小菜類以及湯類，價格通通都是銅板價，招
牌垃圾麵以大量豬骨精燉熬煮而成，因為不去渣，所以色澤略顯混濁，再加上特製肉燥豬
油紅燒肉渣、辣椒、古早味紅燒肉、豬頭肉以及韭菜葉，吃起來香香辣辣的，麵條口感Q
彈滑順，喜歡吃麵食的朋友一定要來勇伯垃圾麵試試唷！！

勇伯垃圾麵的位置就在新北鶯歌的中正一路上，建議騎車來會比較方便停車

鶯歌是陶瓷重鎮，早期因需要大量工人，第一代的勇伯推著一台小推車四處叫賣，由於麵
的湯頭是以大量豬骨精燉熬煮而成，因為從不去渣，所以色澤略顯混濁，再加上特製肉燥
豬油紅燒肉渣、辣椒、古早味紅燒肉、豬頭肉以及韭菜葉，因湯頭上面有些渣渣而被客人
笑稱為「垃圾麵」

勇伯垃圾麵的店內用餐環境

勇伯垃圾麵菜單價目表
勇伯垃圾麵的餐點種類不多，有垃圾麵、乾麵、小菜和湯類，價格通通都是銅板價

豬頭肉(60元)

豬頭肉吃起來還滿Q彈軟嫩的，好吃

紅燒肉(60元)

紅燒肉是勇伯垃圾麵的招牌小菜，外層酥脆，口感還滿不錯的

垃圾麵(50元/小)

乾麵(50元/小)

勇伯垃圾麵的乾麵真的還滿好吃的，麵條Q彈，肉燥鹹淡適中，口感超涮嘴的

垃圾麵的湯頭香香辣辣的，味道相當開胃，搭配好吃的麵條、豬頭肉和紅燒肉，一碗50元
還滿划算的啦！

",[]
Food,[食記] 台南 天馬星空餐酒館 當日壽星招待龍蝦,fish1234557 (費雪),2023-07-15 18:24:47,"   餐廳名稱：天馬星空餐酒館
   消費時間：2022年/11月
   地址：台南市安平區建平路680號
   電話：0931-030973
   營業時間：17:30~02:00。六日17:00~02:00(周一休)

圖文好讀版
https://lealea0614.pixnet.net/blog/post/356381545

熱愛追求壽星優惠的我

來台南過生日怎麼可能不做功課呢

這次選這家餐酒館當日壽星非常吸引人

每個月粉絲團都會公布壽星優惠

希望是一直持續啦哈

像7月活動就是

當日壽星優惠活動4選1

1.波士頓龍蝦

2.飛飛摩天輪

(24杯shot酒精濃度約20%)

3.歲數試管酒(幾歲送幾隻

酒精濃度較低)

4.季節限定螃蟹



大家記得提前預約告知店家有當日壽星

兩人以上同行

用餐完在完成以下三個動作就可以參加活動囉

1.FB或者IG打卡及按讚、2.Google 5星評論、3.攜帶證件

GOOGLE居然有六千多評論

應該真的很多人來這邊慶生


菜單

(擷取至 天馬星空餐酒館 Bistro Tian Ma Xing Kong FB粉絲團)

菜色很多

蠻多大菜的也很多高級海鮮


龍蝦還沒處理之前都會先送上給我們看一下

送一隻我們又點一隻

兩隻都有給我們先看過

都是新鮮的大龍蝦

非常有誠意!!

送的龍蝦都可以加價升級是加價$499換澳洲大龍蝦

因為我們本來就不是海鮮控

也怕我們吃不懂 我們就沒有加價換了


送的龍蝦用鹽烤的料理方式

還端上桌現場點火給我們看

視覺效果超足

不拍照打卡說不過去阿


龍蝦會再進一次廚房處理之後

擺盤端上桌

龍蝦肉嫩又彈

調味也很不錯


波士頓龍蝦海鮮拼盤單點$1680

沒錯 除了壽星送的龍蝦

我們又點了雙人套餐$2280

平常都沒在吃龍蝦

生日直接兩隻吃起來

相較之下

我自己更喜歡龍蝦拼盤的調味

海鮮配料滿滿都很新鮮

還有一些蔬菜都蠻入味的

讓我自己覺得沒那麼罪惡

裡面滿滿的龍蝦膏

熱量直接破表!!

這個加飯吃真的超級搭

龍蝦肉都很飽滿

吃起來爽度非常夠

扇貝、淡菜、蛤蠣都很好吃


高麗菜$140

我覺得他們家的口味都偏重一點

我很喜歡


蔥燒牛舌佐櫛瓜$180

這兩個都是我的心頭好

但不得不說這道菜有點空虛

牛舌太單薄了

本身就有調味了

加上份量也不多

醬汁我們是沒甚麼沾到


辣味奶香牛腩湯$280

湯還蠻大一鍋的

本來擔心湯頭很淡

但意外的蠻好喝的

不過裡面料沒有到很多就是了

牛腩不會咬不爛

處理得蠻好的

要不是因為不住台南

想外帶回家自己加料煮


套餐的飲料

可樂

泰式奶茶加價$40

泰奶還不錯不會很淡


泰式打拋牛$180

還有搭配餅皮也是蠻好吃的

不算太辣也很下飯


套餐的凱薩沙拉

他們家擺盤都蠻美的


裝潢很有氣氛

剛好我去的那天也有駐唱

也遇到其他桌慶生的客人

看到超多試管酒還有摩天輪

氛圍感滿滿的


這次來這邊慶生覺得很值得耶

整體用餐體驗很好

服務態度、活動、餐點口味都很滿意

要不是住高雄

會常常想來跟親友這邊慶生

蠻推薦的

",[]
Food,[食記] 台中 西屯區｜一把揪冰品屋,roger31311 (Roger),2023-07-15 15:45:44,"餐廳名稱：一把揪冰品屋
消費時間：2023年/7月
地址：台中市西屯區重慶路189號
電話：04-2316-5756
營業時間：星期一公休
          星期二到星期五 13：00–22：00
          星期六與星期日 12：00–22：00
每人平均價位：$60


好讀圖文版：https://rlaidiary.com/ebajo/


炎炎夏日又是吃冰的日子了
「一把揪」主打雪花冰、剉冰、甜湯和飲品
每到這個季節時分
總是會讓人想來坐坐…XD

店面外觀有著顯眼的藍色招牌
看起來就多了涼爽感

因為季節芒果系列開賣的關係
現在還有打卡活動

室內環境乾淨簡單也有冷氣
雖然沒有華麗的網美裝潢
但走進來暑氣就先降低不少

店裡還有五星評論送配料的活動
如果真心覺得想推薦
不妨給店家一點小小的鼓勵吧


一把揪冰品屋 菜單

品項主要分為黑砂糖冰、雪花冰、薏仁系列、嫩仙草系列和冬季限定
而且配料多達21種
所以選好後只要直接寫上配料代號即可

P.S 如果煉乳跟黑糖不夠的話都可以再加


新鮮芒果雪花冰│110元(時價)

夏天就是芒果的季節啊
所以這盤是季節限定的冰品

新鮮的芒果、芒果雪花冰加上一球芒果冰淇淋
整盤黃色的芒果系列越看越誘人
再淋上罪惡的煉乳
甜甜蜜蜜的滋味好幸福啊


黑砂糖五種冰│60元

黑砂糖剉冰也是店內的人氣品項
當天自選了五種配料
分別是紅豆、珍珠、芋圓&地瓜圓、手工鳳梨和湯圓

這裡的配料大多是老闆自己熬煮的
這麼做雖然很費工
但也是品質的保證
讓客人可以吃的滿足也吃的安心

據說招牌黑砂糖也是老闆自己炒的
味道還蠻香的
稍微攪拌讓糖水與剉冰充分結合
吃起來一整個透心涼


平均花費與心得

此次平均花費金額：85元/人

有著乾淨衛生的環境
並以親民的價位
豐富多樣的選擇性
以及對食材的認真控管
讓想吃冰品或甜湯的人
在炎炎夏日多了一個消暑的好去處

",[]
Food,[食記] 桃園。桃園陳記涼麵/蒜味肉羹,larle (認命選擇保護自己),2023-07-15 15:42:41,"   餐廳名稱：桃園陳記涼麵/蒜味肉羹
   消費時間：2023年/7月
   地址：桃園市桃園區建新街277-1號
   電話：03-3623189
   營業時間：06:30-14:00, 週二休

圖文版：https://iamlarle.blogspot.com/2023/07/blog-post_15.html

    因「孫大涼麵」食記而接獲兩家涼麵情報，先來到建新街
上的陳記涼麵，一旁就是之前介紹過的阿甲麵線。

    這裡除涼麵和肉羹外，也有乾麵、乾粄條等可選擇。甜不
辣、涼麵、味噌湯和肉羮均抄得推薦，決定畢其功於一役。以
下均為小份價格。

涼麵 45元  甜不辣 50元

https://i.imgur.com/ueOkdHn.jpg

    涼麵麵條咬勁可，調味為芝麻醬、鹹酸醬汁和蒜泥，三者
相輔相承，酸度適切。如以個人喜好而言，則希望麻醬的濃郁
感再高些。配料只有小黃瓜絲。

    桌面有油潑辣子，辣度適中，加入後有提味效果。

https://i.imgur.com/Rq79Ppz.jpg

    甜不辣有點空虛，僅有白蘿蔔、甜不辣條、甜不辣片、油
豆腐和丸子，而且白蘿蔔煮得不夠透，吃來偏硬。醬料感覺像
味噌調醬，鹹而微甘。

蒜味肉羹湯 60元  味噌蛋花湯 35元

https://i.imgur.com/4jY4kR8.jpg

    蒜味肉羹湯勾芡稍重，滿碗煮到軟爛的蒜末，蒜味超濃。
肉羹粉漿比例偏高，自己喜歡豬肉口感多些的版本。

https://i.imgur.com/kasL2aa.jpg

    味噌蛋花湯的蛋花熟度高，也許不像有些店家是打入生蛋
後再澆上熱湯。味噌湯頭帶甜，有放小魚乾做底，其它湯料為
板豆腐塊。

    整體而言對涼麵印象最佳，蒜味肉羹很有特色，味噌湯則
為多數涼麵攤該有水準。

    八德區的家真宅麵列為下回目標。


",[]
Food,[食記] 台北。信義誠品-waku waku pasta,f77142002 (milk),2023-07-15 15:01:27,"   餐廳名稱：waku waku pasta
   消費時間：2023年/6月
   地址：台北市信義區松高路11號4F
   電話：(02)2722-9939
   營業時間：11:00-22:00
   每人平均價位：$500
   可否刷卡：可
   有無包廂：無

圖文網誌(無音樂)
https://christy0104.pixnet.net/blog/post/356221084

假日傍晚5點多來到waku waku pasta 信義誠品店，
位在誠品信義店四樓，因為我們有嬰兒推車，所以先留電話候位，
在商場裡的餐廳好處就是等候時間可以先去別的地方逛逛

餐廳裡有吧台座位、一般座位和和式區，和式區需要脫鞋
主要販售和風義大利麵、咖喱飯、日式定食、手作甜點

甜點，手繪風菜單蠻可愛的

升級套餐加價
我們2人點了一個松套餐，是主餐+$288，
包含$40麵包、$160開胃菜、$110甜點、$90飲品


明太子麵包/搖搖黑糖檸檬
麵包烤的外酥內軟，飲料蠻普通的，

招牌秘醬唐揚炸雞
鹹甜秘醬，外皮薄脆，雞肉很嫩又多汁

重蒜小牡蠣清炒細扁麵$250
鮮蚵/吻仔魚/大蒜/辣椒/紫蘇葉/櫛瓜
牡蠣算大顆，不過調味較淡

鮭魚親子明太子奶油細扁麵 $330
鮭魚卵/燻鮭魚/紫蘇葉/櫛瓜/明太子奶油白醬
明太子與鮭魚卵海味撞擊，視覺上很豐富

焙茶戚風蛋糕
焙茶戚風/焙茶淋醬/綠葡萄/鮮奶油
焙茶淋醬茶香味很濃郁

濃濃的和洋風，上菜速度很快，
餐廳內部空間不大，桌距較窄，假日用餐比較無法悠閒欣賞細部的裝潢美

圖文網誌(無音樂)
https://christy0104.pixnet.net/blog/post/356221084

",[]
Food,[食記] 新北林口 泰好味平價泰式料理 高CP好吃,ruth0204 (麻亞),2023-07-15 14:47:40,"餐廳名稱：泰好味平價泰式料理 新北林口店
消費時間：2023年/1月
地址：244新北市林口區文化北路一段332之3號
電話： 02 2600 9920
營業時間：11:30–14:30 17:00–20:30
每人平均價位：300-600/人
可否刷卡：現金+10%


圖文好讀版 : https://mayawang.site/6909/

下方複製貼上

【林口食記】泰好味平價泰式料理 新北林口店，大推檸檬魚跟金錢蝦餅、打拋豬皮蛋(菜
單)

夏天就是要吃泰式料理開味一番! 這次要介紹的是泰好味平價泰式料理，之前就聽過也很
想嘗嘗，託朋友的福剛好又有開車就載我們去開箱啦! 後來查了一下其實直接搭機捷到A9
小走一下也可以到喔!


泰好味平價泰式料理 用餐環境

附近其實蠻多停車位好停車。

門口真的很泰，超多可愛的大象排排坐XD

櫃台小姐姐很可愛，看我們在拍照就配合擺姿勢XD。

用餐環境挑高很舒適，裡面有些擺設也蠻有風格。

座位間格適當。

泰好味平價泰式料理 菜單
菜單為2023從粉絲團取得 ，而且還可以勾不辣的版本。

泰好味平價泰式料理 餐點

泰香米 15元▼
4人份就有這樣一大鍋。

泰式烤雞腿 200元 ▼
這個色澤上看到就流口水了! 搭配酸甜的醬汁更是好吃。

打拋豬皮蛋 280元▼
老公喜歡吃皮蛋，就升等有皮蛋的版本，果然加了皮蛋後口感上更豐富，也有嘗到一點點
番茄的酸甜，大推!

綠咖哩雞 180元▼
來泰式必吃的綠咖哩系列，意料中的表現，標準白飯小偷。

泰式蒜蓉蝦 280元▼
一上來的擺盤很特別，中間還有蝦餅，覺得分量比我們想的多!
特寫，蝦子很大隻而且有處理過腸泥，一隻一盤分好讓你一口吃!

蝦餅我蠻喜歡。

泰式檸檬魚 380元▼
這條魚應該也是我強迫大家點的啊哈哈，來泰式一定要點檸檬魚啊! 很慶幸點對了，讓不
愛吃魚的朋友大讚魚很好吃，主要是醬汁調得很好，把魚的美味襯托出來，嘗起來鱸魚肉
細緻綿密~讚讚!

金錢蝦餅4個 180元▼
這個金錢蝦餅好厚，180元有4顆感覺也沒有很貴，裡面蝦蝦不少料也很飽滿! 我推!

薑絲蛤蠣湯 200元▼
通常在泰式餐廳都馬要點香茅系列，但我對於香茅味道有點不愛，強迫大家改成台式的蛤
蠣湯XD，印象湯頭香料豐富，蛤蠣都蠻大顆的，絕對安全牌!

蝦醬高麗菜 150元▼
來泰式通常都要點蝦醬，蝦味蠻濃郁我OK，高麗菜葉炒得很脆香!

摩摩喳喳 65元 / 芋香西米露 60元▼
我印象我是吃摩摩喳喳，飯後甜點清爽好喝，而且料蠻多； 有喝芋頭西米露的朋友覺得
芋頭的綿密感很強非常好吃!

小結
整體價格跟服務、上菜速度都很好的平價泰式料理，雖然有部分菜偏台，但我覺得調味上
整體OK，沒有印象有很死鹹跟過重的記憶，份量上也算是抓的不錯，不會過多或是少的可
憐，最推薦的是金錢蝦餅跟檸檬魚必點! 另外聽說藝文特區店是總店，之後再找機會去開
箱看看。




",[]
Food,[請益] 除了東北角，哪裡吃得到藤壺？,hangovertini (hangovertinic),2023-07-15 14:38:38,"1.想找的餐飲類別

台

2.用餐地區

北北桃竹

3.每人預算

1000 元，一個人想吃而已。

4.用餐時段

假日囉

5.用餐人數

1

6. 搜尋網路及板面文章後拿不定主意的候選店家

東北角有幾家，但是不太想去東北角。比如：
卯澳海洋驛站，評價不錯，但是交通不算方便。



7.特殊需求

端午節前吃是最好的，現在也不遲，但再不吃就會遲了。
想問除了東北角，北北基桃竹還有哪邊吃得到這道料理呢？

大溪漁港好像有港邊的攤販有賣，但坐火車過去好久啊啊~~



","['想知道+1,希望不要是港口附近,市區裡有得買最好', '看了水管影片,我也好想吃藤壺啊啊啊', '五月時台北丼賞有賣1份200，大概就是平價龍蝦肉', '一份是300 我價錢記錯 吃起來算是蟹身肉就是', '有興趣看這篇有提到藤壺 https://mayawang.site/6025/', '感謝告知', '飛馬祖吃', '剛剛去吃丼賞和食,菜單上沒有藤壺,應不是常態性商品', '桃園閩東小館', 'http://iamlarle.blogspot.tw/2017/12/blog-post_43.html', '響時天堂聽說下午茶有  這幾天有人去吃說的', '有在上引水產吃過', '記得以前基隆廟口海產攤都有醃漬的賣']"
Food,[食記] 台北中正 御牛殿東門店 療癒牛肉湯,infuture (草是綠的好),2023-07-15 09:29:02,"餐廳名稱：御牛殿麵食鍋物東門店
   消費時間：2023年/07月
   地址：台北市中正區臨沂街 70 號
        （近捷運東門站 1 號或 2 號出口，步行 1 分鐘，7-11 旁）
   電話：02-2356-3468
   營業時間：上午 09:00~15:00，下午 16:00~20:00
   每人平均價位：大約 200 元上下
   可否刷卡：可
   有無包廂：無
   推薦菜色：牛肉湯或刺身牛肉麵，生牛肉上桌後再現場用滾燙熱湯沖入，軟嫩美味

        圖文好讀版 https://infuture.pixnet.net/blog/post/33878339-pf

        之前要密集地去東門好幾天，不知道吃什麼好。
        上網搜尋，發現竟然有厲害的牛肉湯。
        店家是專賣牛肉的肉品商「鋐景」，
        順勢賣各種牛肉料理的店面叫做「御牛殿」。
        我第一次去點了牛肉湯就迷上了！
        雖然跟台南的牛肉湯風味不同，但是也是好喝的高湯打底，
        配上軟嫩粉紅的牛肉，好喜歡啊。

        菜單上的品項還滿多的。
        記得剛來的時候一碗鮮嫩肉片版本的牛肉湯只要一百元，
        現在漲到 NTD$110。不過最近這兩年萬物皆漲調整得兇猛，
        他們家算是漲得還算客氣的。

        菜單在此：
        https://live.staticflickr.com/65535/53014199282_01bbae3357_c.jpg

        如果餓一點的話我就會點牛肉麵，但通常我都喝湯居多。
        這天我點了刺身牛肉麵 (NTD$170)。
        麵煮好後會鋪在底層，再灑上蔥花、鋪上肉片，
        送到客人眼前後，再以茶壺注入滾燙的高湯。
        https://live.staticflickr.com/65535/53014950019_e58f49f040_c.jpg

        慢慢看到生肉變成漂亮的粉紅色。
        https://live.staticflickr.com/65535/53015170610_97e1814b89_c.jpg

        加完湯以後其實不太適合拍照，應該趕快開動吃掉啦！
        不然泡久了牛肉就老掉了。
        https://live.staticflickr.com/65535/53014199192_c1ae8de237_c.jpg

        現場有賣各種部位牛肉，朋友說這家的肉很不錯，
        他偶爾也會訂外送到府，之後我也想來試看看。
        https://live.staticflickr.com/65535/53014950099_6d915c3e6f_c.jpg
 https://live.staticflickr.com/65535/53015270628_125a25d670_c.jpg

        推薦給喜歡牛肉湯的人～

",[]
