標題,發文時間,作者,內容
Re: [問卦] 梁洛施為何那麼愛生小孩的卦,Wed Jul  5 11:48:06 2023,amidha (東岐明),"作者amidha (東岐明)
看板Gossiping
標題Re: [問卦] 梁洛施為何那麼愛生小孩的卦
時間Wed Jul  5 11:48:06 2023
※ 引述《andrewmiho (愛喝啤酒)》之銘言：
: 肥魯剛剛看新聞
: 35歲的梁洛施好像又懷了李澤楷的第四胎
: 雖然我老爸不是李嘉誠
: 但是阿公是李嘉誠應該也不賴
: 有沒有梁洛施那麼愛生小孩的卦

不是梁洛施喜歡生小孩，而是健康富豪喜歡生小孩。
富豪生了小孩，有錢可以照顧，不需自己太多費心。
而讓女人懷孕以後，女人要專心養胎期間，富豪又可以再找新女人。
何況錢多不愁，子孫滿堂，又不需自己太多費心照顧，當然愈多愈好。
而且愈多孩子，就更容易找到優秀後代接班。

現今史上記載生養最多孩子的男人，是摩洛哥蘇丹穆萊·伊斯梅爾（Moulay Ismail）。
他統治摩洛哥55年，共有五百多名妻妾，生養小孩最大估計達到1171人。

--

《推背圖諰：中國國運與人類命運之預言憂患》試讀本PDF檔 免費贈閱流通
https://amidha.blogspot.com/2023/07/TuiBeiTuSi.html
贈閱摘錄四一象至四三象(1949-2024…年)，終至海峽兩岸結局。

--
※ 發信站: 批踢踢實業坊(ptt.cc), 來自: 123.193.168.161 (臺灣)
※ 文章網址: https://www.ptt.cc/bbs/Gossiping/M.1688528888.A.8B5.html"
[問卦] 龜派氣功的光波能量物理上有辦法實現嗎？,Wed Jul  5 11:48:07 2023,j32072 (心地善良的o'_'o),"作者j32072 (心地善良的o'_'o)
看板Gossiping
標題[問卦] 龜派氣功的光波能量物理上有辦法實現嗎？
時間Wed Jul  5 11:48:07 2023
小魯高雄49處辣
因為以前不讀書現在只能領28k
現在工作閒閒翻一下手邊漫畫
剛好演到悟空跟達爾pk橋段讓我突然想到
可見光波長大約在300-700左右吧
這麼低的頻率能把人尻到受傷那是不是波速很快
那這樣是超越光的速度嗎？？
如果把龜派氣功實現化賣給國防部應該能賺到不少錢吧
有沒有八卦？？？

--
※ 發信站: 批踢踢實業坊(ptt.cc), 來自: 42.72.74.85 (臺灣)
※ 文章網址: https://www.ptt.cc/bbs/Gossiping/M.1688528889.A.07D.html"
[問卦] 現在流浪動物到底還有沒有12夜這回事？,Wed Jul  5 11:49:45 2023,kevin19528 (kk19528),"作者kevin19528 (kk19528)
看板Gossiping
標題[問卦] 現在流浪動物到底還有沒有12夜這回事？
時間Wed Jul  5 11:49:45 2023
之前有部紀錄片大概是在講

流浪動物被抓進收容所後如果超過12天沒人認養

就會被安樂死之類的

沒太仔細看XD

不過剛剛在逛新北動保處認養動物的網站

點到最後一頁的狗狗是2015年的欸

到現在都八年了

所以現在到底有沒有流浪動物多久會被安樂死這條

好多貓貓都好可愛喔好想再認養幾隻QQ

--
※ 發信站: 批踢踢實業坊(ptt.cc), 來自: 110.28.25.66 (臺灣)
※ 文章網址: https://www.ptt.cc/bbs/Gossiping/M.1688528987.A.C4E.html"
[新聞] 陳琬惠指綠營樁腳報告造假還拿補助計畫,Wed Jul  5 11:50:41 2023,Tsucomi69 (N9SU3XL3AJ4),"作者Tsucomi69 (N9SU3XL3AJ4)
看板Gossiping
標題[新聞] 陳琬惠指綠營樁腳報告造假還拿補助計畫 
時間Wed Jul  5 11:50:41 2023
1.媒體來源:UDN
2.記者署名:記者歐陽良盈
3.完整新聞標題:
陳琬惠指綠營樁腳報告造假還拿補助計畫 用公帑養肥貓

4.完整新聞內文:

民眾黨立委陳琬惠今天舉行記者會，指經濟部所屬財團法人雜糧發展基金會根本是沒人管
得動的「化外之地」，用人民納稅錢養綠營樁腳，且前兩年取得基金會補助的台灣農權總
會執行成果造假、前執行長陳錦倫疑虛報公帑，存在一系列違法亂紀的情事。

陳琬惠指出，雜糧發展基金會董事長林源泉、前執行長陳錦倫到現任執行長江聰淵，都看
不出有什麼獨特的農業背景，只是歷任過民進黨的黨公職，就被安排到雜糧發展基金會坐
領高薪，林源泉2016擔任董事長至今，月薪16萬多元；林源泉2020年到2023年初擔任執行
長，月薪12萬多元，後來還高升擔任行政院中部聯合服務中心副執行長；現任執行長江聰
淵則是競選宜蘭縣長失利後，今年初接任陳錦倫擔任該基金會執行長。

陳琬惠指出，台灣農權總會2021年到2022年向雜糧發展基金會取得約160萬元的經費，但
執行成果卻和計畫書不符，圖片盜圖、影片也不是自己拍的。台灣農權總會計畫主辦人張
豪澤是總統府國策顧問張田黨兒子，2018年、2022年都曾參加民進黨台南市議員初選，台
灣農權總會和當地綠營色彩鮮明的廣播電台位於同棟大樓、同層樓，連電話也一模一樣。
質疑雜糧發展基金會用人民納稅錢養綠營樁腳。

陳琬惠表示，台灣農權總會2021年補助計畫的執行成果中，稱在社群媒體上的宣傳文按讚
數達3千，但事實上只有5個讚，圖片還是盜的；2022年度計畫書中說要以FB粉絲專頁推廣
國產雜糧相關訊息，但至今只有15個讚，宣傳效果微乎其微。

陳琬惠表示，2022年的補助計畫執行成果中，台灣農權總會稱當年7月22日、8月13日、11
月16日與11月19日在蓮心園庇護農場舉辦食農教育活動，但實際上是拿別的團體參訪行程
謊報；同年「產出」的4支國產雜糧教育影片，畫面也跟新聞網上的影片一樣。

陳琬惠表示，根據她的國會辦公室向農糧署索資，陳錦倫從2021年12月到2023年3月，多
次申報差旅費到農糧署中區辦公室，但農糧署中區辦公室訪客紀錄卻無記載，質疑陳錦倫
虛報出差詐取公帑，請他出面說明。並質疑行政院長陳建仁，「這種詐取公帑的貪官，憑
什麼在今年高升至行政院中部聯合服務中心擔任副執行長？這是什麼標準的官箴？」

陳琬惠呼籲檢調介入調查，不要因為是綠營權貴就放水，並請經濟部長王美花出面講清楚
，這系列違法亂紀的事誰要負責？陳琬惠指出，農糧署與雜糧發展基金會有高度業務往來
，農糧署署長胡忠一應出面向社會大眾解釋，對相關不法情事是否知情。

5.完整新聞連結 (或短網址)不可用YAHOO、LINE、MSN等轉載媒體:
https://udn.com/news/story/6656/7279170

6.備註:


--
※ 發信站: 批踢踢實業坊(ptt.cc), 來自: 114.35.201.84 (臺灣)
※ 文章網址: https://www.ptt.cc/bbs/Gossiping/M.1688529045.A.394.html"
[問卦] 看到自己檢舉的罰單怎麼辦的八卦,Wed Jul  5 11:50:53 2023,cycling (一直暴雷一直爽),"作者cycling (一直暴雷一直爽)
看板Gossiping
標題[問卦] 看到自己檢舉的罰單怎麼辦的八卦
時間Wed Jul  5 11:50:53 2023
如題啦

只要大量檢舉交通違規

通常都有機會在FB IG Line群組

看到違規達人貼出自己的作品

看到自己檢舉的罰單該怎麼做呢

有沒有八卦

--
※ 發信站: 批踢踢實業坊(ptt.cc), 來自: 116.59.111.141 (臺灣)
※ 文章網址: https://www.ptt.cc/bbs/Gossiping/M.1688529055.A.8F3.html"
[問卦] 大谷翔平把得到李多惠嗎,Wed Jul  5 11:51:11 2023,FL5566 (小魯妹),"作者FL5566 (小魯妹)
看板Gossiping
標題[問卦] 大谷翔平把得到李多惠嗎
時間Wed Jul  5 11:51:11 2023
小惠應該是最頂的吧

沒有一個人不喜歡小惠

大谷翔平也很頂

但今天大谷打這鳥樣

大谷能追到小惠嗎

各位覺得呢

--
※ 發信站: 批踢踢實業坊(ptt.cc), 來自: 101.12.23.115 (臺灣)
※ 文章網址: https://www.ptt.cc/bbs/Gossiping/M.1688529073.A.82F.html"
Re: [新聞] 黃國昌爆9月大買賣畸零地 網笑：3歲自耕,Wed Jul  5 11:51:17 2023,nakayamayyt (好棒棒的boki),"作者nakayamayyt (好棒棒的boki)
看板Gossiping
標題Re: [新聞] 黃國昌爆9月大買賣畸零地 網笑：3歲自耕
時間Wed Jul  5 11:51:17 2023
※ 引述《niburu (none)》之銘言：
: 黃國昌是台大法律系的，再次證明念國立大學的都是有錢人，但只付少少的學費。沒錢人
: 的小孩，從小沒補習，考不上建中、台大，念私立大學，繳超高額學費，階級複製，莫此
: 為甚。
: 民進黨至少有行動，補助私立學費。塔白斑和要飯黨只會為了反對而反對。
: 備註：沒有備註。


照你的標準, 那也可以說

連勝文是輔大法律系的，再次證明念私立大學的都是有錢人，付得起高高的學費。

民進黨拿所有納稅人的血汗去補貼私立學費就是智障。


備註：這種拿個案就肯定群體的也不知道是反串還是反智

好歹也拿台大對學生家庭背景收入的調查來講


--
※ 發信站: 批踢踢實業坊(ptt.cc), 來自: 118.161.104.154 (臺灣)
※ 文章網址: https://www.ptt.cc/bbs/Gossiping/M.1688529081.A.ACF.html"
[問卦] 肥宅加熱舞社有搞頭嗎？,Wed Jul  5 11:51:48 2023,ReiFu21 (ReiFu),"作者ReiFu21 (ReiFu)
看板Gossiping
標題[問卦] 肥宅加熱舞社有搞頭嗎？
時間Wed Jul  5 11:51:48 2023
最近看熱舞社在地下街練習

看的肥宅我熱血激昂

想說如果新學年直接加熱舞社

有沒有可能因此走向人生巔峰？

八卦謝謝

--
※ 發信站: 批踢踢實業坊(ptt.cc), 來自: 123.194.90.199 (臺灣)
※ 文章網址: https://www.ptt.cc/bbs/Gossiping/M.1688529110.A.93D.html"
[公告] 八卦板板規(2023.03.01),Wed Mar  1 00:06:27 2023,lwt501cx (爆裂魔法Explosion！！),"作者lwt501cx (爆裂魔法Explosion！！)
看板Gossiping
標題[公告] 八卦板板規（2023.03.01）
時間Wed Mar  1 00:06:27 2023
╭─────────────────────────────────────╮
│ 本板為PTT八卦板，文章、推文及板務處理原則均依循中華民國法律、站規規範發　│
│ 文者，不得因不知相關板規而免卻責任。                                     │
╰─────────────────────────────────────╯

第一章：文章管理

  第一條：〔總則〕
  ￣￣￣￣￣￣￣￣
 ‧ 八卦定義為「小道消息」、「花邊新聞」。討論人物需為公眾之人、事、物，
    凡是文章內容無八卦、與八卦無關者，板主得依本板規刪除。

 ‧ 經舉證該八卦文為虛構，文章予以刪除。經查有惡意造謠者，視同鬧板。

 ‧ 每日發文(含回文)額度，不得超過五篇。其中：

    1.問卦不得超過三篇
    2.新聞每一天只能張貼一篇(以天為單位)
    3.轉錄不得超過一篇(轉錄協尋文可超過一篇，
    但每天在板上的文章額度仍不可超過五篇)
    因任何原因自刪、被板主刪除或分身張貼，皆視同使用額度。
    每超貼一篇水桶一個月，兩篇給予水桶兩個月，依此類推。
    使用分身張貼文章，多個帳號加總發文超貼者，每個帳號應水桶一樣的時間。
    例如:A、B兩個帳號合計發了五篇問卦，則A、B兩帳號一同水桶兩個月。
    ‧濫用[協尋]文章者，水桶一個月。

‧  文章內容未滿30個字(正體中文)者，含未滿自刪或修改文章後未滿，水桶一個月
    文章內容未滿20個字(正體中文)者，含未滿自刪或修改文章後未滿，水桶二個月
    文章內容未滿10個字(正體中文)者，含未滿自刪或修改文章後未滿，水桶三個月

‧文章請使用本看板所提供之分類，自訂分類、雙分類或無分類、無標題之文章一律刪除。
  其違規文章勿回文，回文則一律刪除。
  轉錄文章則不限分類。

 ‧ 本板對於他板有符合時事下之重大、深入極具八卦內容之文章開放轉錄，為避免板
    友濫用，必須經過原發文者同意才能轉錄，限制一人一天一篇。轉錄文章若違反八
    卦板板規，板主可依相關板規處置。
 ‧ 禁止從站內信轉錄文章，違者刪除。若違反板規，如超貼、政問等，依板規處理。

    註：未經原發文者同意轉錄文章板主可給予刪除，此檢舉須由原發文者自行檢舉，
        ，目前不接受他人代為檢舉。


  第二條：〔問卦及爆卦類文章規範〕
  ￣￣￣￣￣￣￣￣￣￣￣￣￣￣￣
 ‧ 本條所指為張貼以[問卦]、[爆卦]為標題，或回覆文章目的為問卦或
    爆卦者均適用本條規定。

 ‧ 問卦文章每位使用者一天三篇為限，文章任何原因刪除仍適用問卦篇數額度，
    分身張貼亦算額度，超貼者依總則。

 ‧ 問卦文章有以下情事者文章板主得刪除該文。

    1.問卦內容有相關看板。
    2.問卦內容貧乏。
    3.問卦內容無法引發八卦討論。
    4.問卦內容已被其他使用者發問過相同或類似問題。
    5.問卦內容與自殺議題相關。

 ‧ 問卦文內容貧乏者，請充實問卦內容；勿提問閒聊式問題，違者刪除。
 ‧ 問卦文章涉及政治人物、議題板主得刪除並水桶發文使用者（相關定義第四條說明)

 ‧ 勿濫用爆卦，無重大八卦文章（出自各社群網站之無八卦文、某節目現在討論之某
    議題），請勿發表，爆卦相關規範如下:

 ‧[爆卦]文章分類，爆卦內容須為不為眾人得知的秘辛或是親身經歷、親見親聞，
 　或轉錄內容主旨為實質爆料、揭發性質，
   (天災人禍重大意外/緋聞/醜聞/重大賽事/揭發社會或影響多數人之不公義情事)
 　等重大爆卦才可使用。

 ‧有以下行為者視為濫用爆卦，依不同程度水桶，嚴重者水桶１８０天，並且文章退回。

    1.爆卦內容只為特定議題之評論，無實質爆料性質
　　　(如無卦社群臉書政論文、政令宣導、政治立場、政治聲明等) 水桶一個月。

    2.有電視或網路媒體報導者或公開網站之訊息、某節目現在討論之某議題，警告七日。
　　　以爆卦偷渡新聞媒體者另加以板規三論處。

    3.轉錄爆卦來源需附上第一手原始出處，內文需完整轉錄不得擅加來源以外之資訊(含
      心得)，違者水桶一個月。
    4.爆卦者應負舉證責任，經證實(轉錄或自行爆卦)內文為虛構造假者水桶１８０天文
      章退回，自刪亦同。

 ‧ 禁止以問卦或爆卦方式偷渡新聞，否則視同每日新聞發文限制篇數（超過一篇須按
    照板規三水桶處理）。

 第三條：〔新聞張貼規範〕
  ￣￣￣￣￣￣￣￣￣￣￣￣
 ‧ 本條所指為張貼新聞須以[新聞]為文章分類，他板轉錄之新聞亦適用本條規定。
    本類文章每位使用者一天一篇為限（任何原因自刪及被板主刪除均計入額度，
    分身張貼，回文張貼當日新聞連結、換新聞等，亦算新聞篇數配額），超貼部分
    水桶處分。

 ‧ 文章內張貼PTT連結時，即使該連結內容是[新聞]也不算使用新聞篇數配額。

 ‧ 三天內新聞影片及三天內新聞連結，於問卦或爆卦中張貼者，雖算在新聞配額中。
    但若文章中只有連結而超貼者，屬輕微違規，得判七日警告。

 ‧ 新聞日期以""日""為單位，若星期四張貼，則可貼星期二至四之新聞，範圍外為舊聞。

 ‧ 回覆文章及新聞備註內張貼超過三日之舊聞（新聞內容、標題、連結）
    必須加上二十字以上評論或分析，違者之文章刪除或新聞超貼水桶。

    註:文章內張貼超過三日之舊聞(不論篇數，只要有二十字以上評論或分析即可）
 ‧ 張貼新聞時，切勿在備註內張貼其他三日內新聞之連結，否則屬新聞超貼。

 ‧ 文章有下列情事者文章刪除。
  1.新聞格式錯誤，未依下列新聞格式張貼者，包含：
      a.文章標題須為原新聞標題。
    註:標題應從頭開始貼，不可因為標題過長而自行修改標題
      b.內文需有完整新聞標題/內文，內建發文格式如下。
        1.媒體來源:
　  　　2.記者署名：
　　  　3.完整新聞標題:
　　  　4.完整新聞內文:
　　  　5.完整新聞連結 (或短網址)不可用YAHOO、LINE、MSN等轉載媒體:
        6.備註:
        可不依內建發文格式填寫，但一定要有1~5項，若要加上心得或備註，
        請於文章最後面加上，違者刪除。
    2.相同新聞重覆者。
    註:若第一篇因違反板規，則第二篇不算OP
    3.新聞日期超過三日。
    4.分篇新聞(新聞標題相同以數字、符號區隔的分篇新聞)非第一篇張貼者。
    5.派令、社論、讀者投書、特稿、雜誌撰稿、公民新聞類、今日我最美類等非媒體
      新聞等未涉及政治人物議題者。
    6.影音新聞內文未附官方文稿及非媒體官方帳號張貼之影音新聞者。
    7.無記者採訪、發售資訊、泛商業類...等無新聞價值之報導。
    8.新聞連結無法開啟者（被移除、網址錯誤…等)。
    9.未依備註1新聞來源張貼。
   10.無記者署名之新聞(某某某編輯也可以，某某某=姓名)，刪除並水桶14日
      切勿張貼XX中心、綜合報導等無記者署名之新聞
      以下四種情形不刪除也不水桶
      註1:外電需備註為某外媒報社引用或編譯者等，至少要有出處，外電需明確名稱。
      註2:本國報社之新聞但內容是參考或引用外媒報導，外媒需有實際名稱，勿把FB、
      twitter等社群名稱當成外媒。
      註3:科技新報、地球圖輯隊為較特殊媒體，有作者名字即可。
      註4:不需記者署名之新聞分類，於備註2(不適用YAHOO、MSN、LINE等轉載媒體，必
      需是官網)

 ‧ [新聞]惡意偽造新聞記者名稱，視同鬧板。

 ‧ 可洽八卦檢舉板建議新增其他新聞網站。

 ‧ 派令、社論、讀者投書、特稿、雜誌撰稿、公民新聞等文章內容涉及政治議題或政
    治人物者文章，刪除並水桶三個月。
     註1:特稿與新聞的差別
         新聞是對事件的客觀報導，記者只能用描述的方式說明新聞事件，
     不能加入任何個人的意見或評論。
     特稿則是記者主觀對事件的評論，以選舉新聞舉例：記者不能在報導
     這則新聞時給了任何的評論，不可以在新聞稿中說誰當選比較好，
     只能報導候選人的活動、政見、談話，但可以用特稿的方式，
     評論誰當選比較合適，分析誰當選會有什麼深遠影響。
         特稿可以是評論，也可以是分析、也可以是背景說明、也可以是深入報導，
     總之主觀的論述就是特稿。這類稿件，是因新聞媒介在傳播新聞信息的
     總體布局需要或特定的各種背景的需要，為反映傳媒總體要求或特定導
     向意圖而組織寫作的新聞稿件。
    註2：涉及政策（兩岸政策、民生政策等）、民生議題（物價議題、交通議題、候選
        人政見等）、政治人物花邊或緋聞等，刪文處理。

 ‧ 張貼媒體來源或發稿單位為港澳或中國者，水桶兩個禮拜。
    （全文如下之刊登方式視同發稿單位）

 ‧ 即日起，禁止以彙整「四大報(多報)」方式發佈一文多PO新聞。
    1.發表報社或網路媒體彙整之新聞者，給予刪除。
    2.發表為使用者自行彙整之兩篇以上三日內新聞於同一篇時，視同新聞超貼。
    3.自行彙整多篇相似議題的外媒新聞者，屬於一篇新聞配額，但不屬於新聞超貼。

  註：提供縮網址網站 http://tinyurl.com/ , https://bitly.com/  ,
                     https://reurl.cc/main/tw  。


第四條：〔政治八卦規範〕
  ￣￣￣￣￣￣￣￣￣￣￣￣
 ‧ 發文（含回文）內容討論包含下述類別，且文章有八卦性質，即為政治八卦。

 ‧ 人物類：中華民國政府遷台後之特定政治人物（歷任、現任之正副總統、政務官、
    黨職人員、民意代表、競選中之候選人、參加黨內初選的總統和立委候選人、發言
    人、常見於相關媒體發言之幕僚）及上述人員之伴侶。

 ‧ 議題類：中華民國政府遷台後之政府職務、中華民國政府遷台後之政黨政治。

 ‧ 不論任何分類的回文，皆受政治問卦之規範。

 ‧ 無八卦之泛政治文章，板主得刪除之。

 ‧ 文章內容涉政治問卦輕微，板主可依情節考量，刪除文章或刪文併水桶警告七天。

 ‧ 禁止他板轉錄無八卦之政治文章（包含政治FB文章、政黑板文章），違者水桶三個月。

 ‧ 如有政治相關八卦請直接爆卦，不允許任何形式之政治問卦，政問無論是否自刪，
    或發文後修改內文，一律刪文並水桶三個月。

 ‧ 當政治人物有多重身分時（例如：藝人），非政治身分的相關問卦以泛政治刪除。

  第五條：〔利益性質〕
  ￣￣￣￣￣￣￣￣￣￣
 ‧ 文章內容意欲謀求個人利益、誘使人投票連署或是意欲求檔者，一律退文、水桶
    一個月，推文求檔者如非玩梗，條件式給P、求站內給P、私信寄之類等水桶一個月。

    註：禁止張貼中央社訊息服務，ipobar，滾動新聞，奇摩!訊息快遞!…等廣宣類
        相關網站之連結、新聞、討論文章，違者一律退文、水桶一個月。

 ‧ 違反上述板規自刪者，水桶三個月。

 ‧ 禁止張貼王浩宇本人帳號發佈社群訊息(如:臉書)，違者一律退文、水桶一個月
    ，自刪者水桶三個月。王浩宇相關文將比照板規四政治八卦規範。

  第六條：〔內容不當〕
  ￣￣￣￣￣￣￣￣￣￣
 ‧ 文章有下列情事者文章刪除：

   1.文章簽名檔過長（超過六行）妨害使用者閱讀者。
   2.外電未有全文或大致翻譯。
   3.簡體中文轉正體中文之文章。
   4.文章包含簡體連結。
   5.內容含過多色碼、亂碼（圖形文）導致難以閱讀者。
   6.廣告文、業配文或其他商業類內容，無明顯謀求個人利益者，該文刪除。
   7.內容包含與自殺相關之議題。

 ‧ 文章有下列情事者文章水桶三個月:

   1.內容含有色情內容、暴力內容、十八禁連結者。
   2.內容含過多簡體中文。
   3.發P幣文由以下情況者，水桶三個月
     (1)文章經編輯後，與原始文章差異甚大者。
     (2)沒發P幣就自行刪文者。
     (3)惡意漏發多位者。
   4.文章內容未滿30個字(正體中文)，水桶一個月
     文章內容未滿20個字(正體中文)，水桶二個月
     文章內容未滿10個字(正體中文)，水桶三個月
      註1：奧運(國家隊誰贏誰得牌)、國際比賽、天災(地震、颱風天哪放假)等。
      如發文未滿30個繁體中文字，板主群得視為時事文刪除不予處分，
　　　惟藉標題蓄意搗亂者仍以鬧板處分。


      註2：時事文範圍太廣，「註1」如未規範將由版主群主觀判定。

 ‧ 手動置底者水桶兩個月:
    手動置底:
    1.若使用者於發文後於半小時內自刪，並在半小時內重發文者，則判定該名使用者
      自願使用當日之發文額度，即，若該名使用者發文為[問卦]，則視同自願使用一
      篇[問卦]之額度，若為其他分類之標題，亦同。
    2.第一點之「半小時」定義為每篇文章發出系統時間為判定標準，也就是A、B兩篇
      文章的發文時間差距要在半小時內，才算額度，超過半小時則算手動置底。
    3.由於[新聞]只有一篇額度，若明顯為操作失誤者，板主可給予警告一次。
    4.重貼超過總則中規範之發文額度時，則依據總則給予處罰。
    5.扣除以上重貼使用額度狀況，即除了半小時內自刪重貼以外，若兩個月內同一使
      用者發兩篇文章內容完全相同者或大致相同者，即為手動置底，包含：

      a.標題與內容完全相同。
      b.標題不同，但兩篇內容大致相同者。
      c.連續轉錄同樣文章兩次。
      d.詢問相同人且相同事物八卦者。

    提醒：修改文章請盡量請利用E鍵，修改標題請用T鍵，參選文與公告不算入手動置
          底。

 ‧ 違反爆雷規範者水桶七天:

  1.未上映或新上映電影類別，在正式發行日後七日內禁止無關文章內有爆雷行為
    標題、內容、推文皆違規，違者水桶七日。

  2.發行七日內討論需求文章，標題需迴避暴雷內容及註明有雷、內文防雷頁面作為緩衝
    相關爆雷推文可在本篇及回文不列入違規。

  3.爆雷定義為超出預告範圍，涉及預告未演出內容，已曝光之內容放寬相關
    認定得刪除之。


  第七條：〔挑釁、謾罵〕
  ￣￣￣￣￣￣￣￣￣￣￣
 ‧ 文章內容含有對[1~特定人物、使用者、特定族群、看板或其使用者，
    進行言詞侮辱、挑釁、威脅、謾罵、歧視、引戰之文章，
    一律退文且加給水桶六個月，自刪文章者水桶一年。
    於推文違規者水桶七日。
 ‧ 前項所說明之特定人物不包含公眾人物、政治人物等，對於非具有本國國籍者
　　等族群之謾罵推文不予受理；唯仍需注意刑法相關刑責，勿以身試法。

  第八條：〔法律之規範〕
  ￣￣￣￣￣￣￣￣￣￣￣
 ‧ 文章有以下情事者該文退回併水桶一個月：

    1.違反中華民國法律、批踢踢站規。
    2.凡未經原發文者同意轉入、未經同意公布個人資料、私人信件及水球紀錄者。

      註：此條例包含任何轉網址、原始網址之提供，或任何關鍵字影射，使一般使用
          者可簡單查詢到個人資料、私人信件、水球紀錄等，皆違反此條例。

    3.利用修改文章，故意竄改、刪除他人推噓文經查證屬實。
      (惟他方公佈私人資料、張貼十八禁網址、恐怖連結含病毒網址不在此限）

    4.意圖以影射、諧音字或近似字公開非公開使用者一部或全部之個人資料，如：自
      然人之姓名、出生年月日、國民身分證統一編號、護照號碼、住址與電話號碼等
      行為遊走於板規八公佈個人資料規定之處者，經當事人檢舉者。
    5.違反此條板規自刪或未經原發文者同意轉出者，追加水桶六個月。


  第九條：〔鬧板〕
  ￣￣￣￣￣￣￣￣
 ‧ 有鬧板茲事者，鬧板文章退回並追加水桶六個月，滋事之判定由板主判定。
    若對個別版主判決鬧版有疑慮，請至GossipPicket版提出爭議案件申訴之申請。

 ‧ 除板主之判定外，以下行為為鬧板行為：
     1.經認定有預謀性之集體違規行動。

      註：大量相同關鍵字問卦發生時，於板主發出公告提醒後，若依然有使用者使用
          相同關鍵字、或類似的「形」、「音」等關鍵字持續問卦，則判定為鬧板。
　　2.任意使用公告、回應公告。
    3.任意使用記名公投及活動聯署選項。
    4.未經八卦檢舉板（GossipPicket）板申請通過之道歉文。
    5.泛政治性發錢文，違者推文數歸零，並處分之。

 ‧ 以上提到之 2、3、4 點，板主可依情節考量判定為鬧板或為單純手機操作失誤，
      可與底下板規十一〔自檢條款與手機操作不當〕擇一處罰。

 ‧ 違反以上板規，卻自行刪除文章以避責，視同鬧板，水桶一年處分。


  第十條：〔道歉文與置底閒聊佈告區規範〕
  ￣￣￣￣￣￣￣￣￣￣￣￣￣￣￣￣￣￣￣
 ‧ 本條規定為在八卦板引發之法律訴訟相關事件，致使用者需於本板張貼文章道歉
    時適用，請至八卦檢舉板（GossipPicket）板，詳閱相關規定後申請。
    緊急狀況下，可先發表道歉文，並在24小時內至八卦檢舉板（GossipPicket）板
    補申請，未經檢舉板申請或補申請便發道歉文者，屬鬧板行為。

 ‧ 本板置底閒聊文提供宣傳相關符合公益之事由，如親友失蹤協尋、尋找車禍目擊
     證人及其他事由，板主可視情況協助板上秩序臨時挪為協助板務用。例如：頒獎典
     禮LIVE文...等。


  第十一條：〔自檢條款與手機操作不當〕
  ￣￣￣￣￣￣￣￣￣￣￣￣￣￣￣￣￣￣
 ‧ 若使用者非故意違反板規（回信件操作失誤、手機操作失誤、誤刪他人推文）等非故
    意違反鬧板規定，板主可依情節考量，依據板規十八處以警告並水桶一週，警告二次
    者，則處以水桶一個月處分、第三次處以水桶兩個月、第四次以上一律水桶三個月。
   （追溯期為一年）


 ‧ 同上情形，使用者亦可自行前往八卦檢舉板，詳閱相關規定後主動申請自檢條款。


  第十二條：〔簽名檔〕
　￣￣￣￣￣￣￣￣￣￣
 ‧ --以下之文字或網址既屬於簽名檔。

 ‧ 簽名檔即日起視為本文一部份，但並不算入最低30字數計算範圍內，若扣掉簽名檔
 　 文章內容後仍低於30字依照板規九辦理。

 ‧ 簽名檔若含有惡意攻擊、謾罵、引戰意味，依照板規七處理（非具有中華民國本國
    籍者，按板規第七條不予受理）


  第十三條：〔祭品文規範〕
  ￣￣￣￣￣￣￣￣￣￣￣￣
 ‧ 若使用者想對近期之熱門事件提供相關獎勵（祭品），
    請先至八卦檢舉板（GossipPicket）提出申請，經過兩位板主同意即可發表。

 ‧ 祭品兌現請提出相關照片證明，照片必須要有相關人物及祭品，並且請至少五名有
    參與到祭品文的使用者至八卦檢舉板（GossipPicket）的申請文推文作出證明，祭
    品條件達成後兩周內沒兌現者將視為鬧板，一律水桶六個月。
 ‧ 未提出申請即發表之祭品文將刪除並且水桶兩周。

 ‧ 祭品文可由提出後24小時之內於八卦檢舉板補行申請，並轉寄給板主群進行審核。

 ‧ 補行申請之祭品文，經板主群審核未通過者，該文刪除。


  第十四條：〔惡意噓文、推文〕
  ￣￣￣￣￣￣￣￣￣￣￣￣￣￣
  一、單篇多次或多篇與文章無關之推/噓文/→、推圖或符號或過多簡體字、妨礙閱讀
      之使用者（如：推/噓文出現大量的空格、=====、----、☆☆☆等符號組合。）
      第一次給予警告水桶一週處分，警告二次者，則處以水桶一個月處分、第三次處
      以水桶兩個月、第四次以上一律水桶三個月。（警告追溯期為一年）

  二、推文為圖片連結者，應與文章主題明確關聯。若與文章主題無關之圖片需附上圖片
      說明，多次未附圖片說明或說明內容明顯不符者，水桶一週。

  三、於推/噓文中，明顯違反第一章第五條、第六條、第八條任一規定者給予
      水桶一個月處分；於推文違板規板七者水桶七日。

  四、違反上述第二點、第三點且情節輕微者，得依據板規十八條，給予警告水桶一週
     處分，第二次以上一律給予水桶一個月處分。

  補充:違反本條第三者，依篇數為單位，意思就是
       你在A篇違規又在B篇違規會被水桶兩個月。

=============================================================================

第二章：板務及申訴相關

  第十五條：〔板務工作相關〕
  ￣￣￣￣￣￣￣￣￣￣￣￣￣
 ‧ 原文被板主標記S表示此系列文章已受板主關注，除非有重大八卦，否則只能用推文
    回應；標記!者勿以任何方式回應（同標題亦同），違者該文退回併水桶一個月。

 ‧ 本板規得時視情況修訂之，於每個月1號、11號、21號為新板規公佈日。期間板眾
    可至GossipPicket板提板規建議案，討論板務不得使用匿名，非經重大事件將不會
    在非公佈日修改板規。

 ‧ Gossiping板規修改前，草案將先於GossipPicket公開讓使用者實名討論7天，
    並於Gossiping公告有草案正在討論，板主群得視討論情形自行決定重擬或發佈。
=============================================================================

第三章：訴訟相關

  第十六條：〔累犯、多重帳號〕
  ￣￣￣￣￣￣￣￣￣￣￣￣￣
 ‧ 二次以上違反同一板規之遭水桶使用者，視為累犯，初次累犯加給水桶一個月；第
    二次累犯加給水桶二個月；第三次以上一律加給水桶三個月。
    （累犯追溯期為出水桶以後起一年）

    註：累犯標準為，某板友因違反Ａ板規被水桶，於水桶解除後，又再次違反Ａ板規
        ，則為累犯。若Ａ板友於同一時間發表多篇文章或推文，皆同時違反Ａ板規，
        因尚未被板主水桶，則不屬於累犯。
‧ 原使用者ID經禁止發言後，如經查繼續使用分身ID發表文章或推噓文功能者。
‧ 累犯或情節嚴重者，如有必要，可由版主先行簡易認定先由版規處理。(至少同日同i
   p一組)待帳號部認定非分身後再行解除處分。
 ‧ 因板主沒有最終分身查詢認定權，報請小組長送ID_Multi帳號部確認分身
    確認後同人，本尊及分身自查詢結果回報後給予額外水桶，規則如下：

    1-1.若Ａ帳號於水桶中，使用分身Ｂ發推文，經查證後：
      Ａ帳號加罰水桶一個月
      Ｂ帳號發文全數退回、並於組務查詢結果回報日開始算起，水桶十年
      首次違規帳號視為Ａ帳號
      備註:首次違規帳號A，當加罰的一個月水桶解除後，既使B仍水桶中
      仍可使用A發文、推文。


    1-2.若Ａ帳號水桶中，使用分身Ｂ發推文，經查證後屬實，爾後加罰Ａ帳號一個月、Ｂ
      帳號所發之文全數退回、且Ｂ帳號水桶十年，而又使用Ｃ帳號持續發推文
      即「第二次累犯分身條例」，則
　　　Ａ帳號於組務查詢結果回報日開始算起，重新水桶十年
　　　Ｃ帳號所發之文全數退回、且Ｃ帳號於組務查詢結果回報日開始算起，重新水桶
      十年。

      同第1-2點，若查證出此人同時擁有Ａ、Ｂ、Ｃ、Ｄ、Ｅ或更多帳號身分，則第二次
      累犯時，視同惡意藐視板規，所有帳號皆一併永久水桶，即，第二次累犯時，查
      證屬實後
      Ａ帳號於組務查詢結果回報日開始算起，重新水桶十年
      Ｂ帳號於組務查詢結果回報日開始算起，重新水桶十年
      Ｃ帳號於組務查詢結果回報日開始算起，重新水桶十年
      Ｄ帳號於組務查詢結果回報日開始算起，重新水桶十年
      Ｅ帳號於組務查詢結果回報日開始算起，重新水桶十年，依此類推。

    3.特殊狀況一，若Ａ帳號被水桶中，使用Ｂ、Ｃ或多個帳號發推文，查證後，則視為
      第一次觸碰分身條例，則
      Ａ帳號加罰水桶一個月
     Ｂ帳號發文全數退回、並於組務查詢結果回報日開始算起，水桶十年
      Ｃ帳號發文全數退回、並於組務查詢結果回報日開始算起，水桶十年
    4.特殊狀況二，若Ａ帳號被水桶，未被查證期間使用Ｂ帳號發推文又被水桶
      此時又用Ｃ帳號發推文，則視同二次累犯身分條例，則適用上述提到第2點，給予全
      部帳號皆水桶十年。

 ‧ 以上分身條例，是當使用者被水桶時，本應遵守板規，而非惡意開分身持續發文，
    初次觸碰分身條例時，原本帳號給予水桶一個月額外處罰，對於分身惡意發文則不
    寬待。且第二次觸碰分身條例時，認為並非不小心，而是惡意無視板規，對於此種
    行為則將所有帳號給予水桶十年。


　第十七條：〔檢舉相關〕
  ￣￣￣￣￣￣￣￣￣￣￣
 ‧ 板主應參與板務討論與板務處理，如有多次無故怠惰與不願配合之情事板主群將其
    認認定為瀆職至組務罷免並附上相關之事由。

 ‧ 由於本板文章/推文數量大以及爭議性檢舉文判決機制，欲檢舉請至八卦檢舉板
    GossipPicket檢舉。

 ‧ 對特定使用者進行人身攻擊、侵權行為及板規七之檢舉，被侵犯當事人需於八卦檢舉
    板Gossippicket實名提出檢舉，以匿名方式或未提出檢舉者板主群不予受理。
 ‧ 若要檢舉違反板規七攻擊特定族群者(包含發文與推文)，一定要到Gossippicket檢舉。
    不得私信檢舉，板規七相關文章需半數板主同意判決為最終判決。

    註:板主不得私自處理違反板規七相關文章，一定要在檢舉板共同判決。


  第十八條：〔警告、水桶〕
  ￣￣￣￣￣￣￣￣￣￣￣￣
‧ 板主對於使用者犯行輕微、或違規處於模糊地帶或多次挑戰板規界限者。處以警告並
　 水桶一週，警告二次者，則處以水桶一個月處分、第三次處以水桶兩個月、第四次以
   上一律水桶三個月。（警告追溯期為一年）

   註：水桶到期之使用者，系統會自動解除，如遇特殊情形，請來信向板主詢問。


  第十九條：〔補充〕
  ￣￣￣￣￣￣￣￣￣
    板規有規範不到之模糊地帶，板主將臨時應變處理。
　　對於特殊事件之處理，有另訂公告規範之必要者，板主得另行公告。
=============================================================================

第四章：板主自律規範

  第二十條：〔板主自律〕
  ￣￣￣￣￣￣￣￣￣￣￣
 ‧ 本板板主遴選方式應經民主程序由本板板友票選或組務站務建議方式產生不得私相
    授受。其遴選規定和選舉過程必須公平、公開和公正。

 ‧ 依據#1C3jR2tP (L_TalkandCha)『日後，若仍有板主違規行為之檢舉，均需由其他板
    主予以判定，判定未違反板規，才得以結案。』。(故任何與板主本身相關之檢舉、
    爭議應迴避不得私自處理。)

 ‧ 經合法程序罷免提案之板主應避免處理與罷免提案相關的後續爭議性文章，改由其
    他板主代為處理。


 ‧ 板務之處理引起極大爭議，應先洽詢板主群進行爭議性板務處理之討論，不可私自
    獨斷處理造成更大的困擾。爭議性板務處理應由板主群共同討論處理方式採多數意
    見為主，其後續責任由板主群共同承擔。

 ‧ 每位板主每週至少要處理當週檢舉板30篇文章。
    未達成最低管板標準者，其餘板主可決定該板主准不准假。
    若不給予准假，可至組務板聯名向小組長提出警告。
    註:
      一.每週的定義為PTT兩次維修之間(每個星期日早上至下個星期日早上)
      二.PTT若發生不可抗拒因素關機達兩天以上(含兩天)則該週不算
      三.只限定只有一位板主未達標時生效



 第二十一條：〔板主任期制〕
　￣￣￣￣￣￣￣￣￣￣￣￣
 ‧ 非中華民國國民不得參選及擔任ＰＴＴ八卦板主。

 ‧ 本板板主任期以八個月一任，一次選出兩位新版主，每年3月、7月、11月新任板主
    上任，上述月份前一個月1日後開始徵求遴選新任板主。

 ‧ 原板主得連選連任，但參選政見中得列出任期中政績，以供使用者投票參考。

 ‧ 本板板主為任期制，如板主經罷免卸任、因故請辭或遭解職，遞補板主以任完
    板主任期為限，任期屆滿仍可重新參選。

 ‧ 如該任板主任期剩餘未滿一個月，則不另外補選，由剩餘板主任事，待任期期滿再
   行選出下一屆板主。

 ‧板主參選文相關說明:
   (1).板主徵選期間，[參選]文不算在該天發文額度。
   (2).惡意參選需過半數以上同意才達標(若剩兩位板主，則兩位都要同意)
   (3).政見未達100字者，若未在報名截止前補齊則喪失參選資格，
       並刪除參選文，但不算惡意參選。



第五章:精華區小板主相關

  第二十二條：〔精華區小板主相關規範〕
  ￣￣￣￣￣￣￣￣￣￣￣￣￣￣￣￣￣￣

 ‧ 精華區小板主每個月都必須整理自己所負責的精華區區塊,一個月未新增或整理精
    華區者將不給予該月之P幣獎金；連續兩個月未新增或整理精華者將拔除小板主資
    格。

 ‧ 精華區小板主不得惡意刪除精華區區塊或將精華區當作個板使用,亦不得將精華區
    當作洗P幣之工具,違者將拔除小板主資格並且水桶一年處分。
 ‧ 八卦板板主會於每個月月底申請P幣獎勵,請精華區小板主於每個月的最後一周將當
     月整理之精華區項目站內信至每位板主當作證明,未證明者視作無整理。



備註1 ： 可張貼之新聞網站

三立  大紀元  新頭殼  人間福報  台灣醒報  科技新報  上下游新聞  地球圖輯隊
上報  芋傳媒  農傳媒  工商時報  民視新聞  國語日報  中央通訊社  壹蘋新聞網
中視  苦勞網  鉅亨網  中央日報  年代新聞  焦點事件  中時新聞網  客家新聞網
民報  軍聞社  ithome  中華日報  自立晚報  經濟日報  公視新聞網  原視新聞網
麗台  風傳媒  peopo   今日新聞  東亞日報  環境報導  世界新聞網  華視新聞網
pnn   報導者          台視新聞  東森新聞  蘋果日報  北美智權報  聯合新聞網
TSNA  壹電視          台灣立報  青年日報  ETTODAY   台灣新生報  ATC Taiwan
TVBS  新唐人          台灣時報  看見泰國            全球資訊網  BBC中文網
                                                    健康醫療網

中央廣播電台  泰國世界日報      自由時報電子報      公民行動影音資料庫
中國廣播公司  環境資訊中心      紐約時報中文網      外媒(需大致翻譯)


備註2 ： 不需記者署名之新聞分類

中時新聞網       娛樂分類
https://www.chinatimes.com/star/?chdtv

自由時報電子報   娛樂分類
https://ent.ltn.com.tw/

壹蘋新聞網       娛樂分類
https://tw.nextapple.com/realtime/entertainment

聯合新聞網    噓!新聞分類
https://stars.udn.com/star/index

今日新聞         娛樂分類
https://www.nownews.com/cat/entertainment/

ETTODAY        星光雲分類
https://star.ettoday.net/

三立         娛樂星聞分類
https://star.setn.com/

--
※ 發信站: 批踢踢實業坊(ptt.cc), 來自: 222.157.98.109 (臺灣)
※ 文章網址: https://www.ptt.cc/bbs/Gossiping/M.1677600392.A.D12.html
※ sska:轉錄至看板 Marginalman                                     05/13 20:23"
[協尋] 6/28 國1北苗栗段 早上車禍 行車記錄器,Wed Jun 28 14:19:31 2023,guani (如果有一天™),"作者guani (如果有一天™)
看板Gossiping
標題[協尋] 6/28 國1北苗栗段 早上車禍 行車記錄器
時間Wed Jun 28 14:19:31 2023
求行車記錄器畫面 (代po)

［求行車記錄器畫面或目擊者］

時間：2023/06/28(三)上午 10:33
地點：國道1號北 129.1 苗栗縣過銅鑼附近

家人國道1號北上，在苗栗發生車禍，目前汽車直接報廢了，

因行車記錄器沒有拍到關鍵畫面，附近也剛好沒有國道監視器，

只能透過協尋的方式，希望能讓事情更清楚。

請好心人提供行車紀錄器畫面或有任何目擊者也可與我聯繫，

僅提供一點心意回報，非常感謝！有消息麻煩站內信，感謝<( ? _ ? )>

--
※ 發信站: 批踢踢實業坊(ptt.cc), 來自: 59.120.218.6 (臺灣)
※ 文章網址: https://www.ptt.cc/bbs/Gossiping/M.1687933173.A.900.html
※ 編輯: guani (59.120.218.6 臺灣), 06/28/2023 14:21:17
推 poasdm: 高調
  61.223.161.44 06/28 14:42
推 tin989: 高調
    1.173.87.87 06/28 21:32
推 spring719: 高調
223.141.144.180 06/29 02:27
→ chugliang: 什麼監督條例都沒用~所以不用審啦
125.228.238.102 06/29 21:31
→ chugliang: 高調...
125.228.238.102 06/29 21:31
→ chugliang: 刪文的文章推文為啥跑來這...= =
125.228.238.102 06/29 21:31
推 click11023: 0
 210.71.216.246 06/30 14:44
推 jetalpha: 高調
  1.175.112.186 06/30 19:51
推 LukeSkywaker: 分類也被移走了QQQQQQ
 223.137.75.123 07/01 17:31"
[協尋] 6/30 16:30國1北上33.8k車禍 行車紀錄,Sat Jul  1 00:40:50 2023,NGlife0412 (燒賣魚蛋),"作者NGlife0412 (燒賣魚蛋)
看板Gossiping
標題[協尋] 6/30 16:30國1北上33.8k車禍 行車紀錄
時間Sat Jul  1 00:40:50 2023
日期：2023/06/30(週五)

時間：下午16:30-16:40

地點：國道1號北上方向33.8公里處(附上照片）
https://i.imgur.com/G757O0X.jpg
白色保時捷急煞停車插隊鑽閘道，導致3連環追撞，徵求當下路過的行車紀錄器畫面。

非常謝謝大家！

聯繫請站內信或kentji.118@gmail.com

--
※ 發信站: 批踢踢實業坊(ptt.cc), 來自: 114.24.65.174 (臺灣)
※ 文章網址: https://www.ptt.cc/bbs/Gossiping/M.1688143252.A.28E.html
推 zxciop741: 幫推
42.73.17.253 07/01 00:45
謝謝您
推 achun1212: 投機垃圾應該死一死
49.216.29.89 07/01 00:50
很讓人措手不及..
→ kayak5566: 高工局的CCTV有一隻剛好照這裡
106.1.118.78 07/01 01:26
→ kayak5566: https://i.imgur.com/Nb4SFur.png
106.1.118.78 07/01 01:27
→ kayak5566: 右邊是北上車道
106.1.118.78 07/01 01:28
謝謝您，馬上查怎麼調閱！
推 oabae: 真的超討厭這種急鑽的
123.195.45.232 07/01 09:04
真的..為何不乖乖排
推 wilson5938: 7414
112.78.85.209 07/01 23:25
7414
推 love462077: 寄信給你了歐
114.136.106.182 07/02 19:23
謝謝您！角度剛好超清楚QQ
※ 編輯: NGlife0412 (114.24.65.174 臺灣), 07/02/2023 23:08:13
→ ookiniSN9: 沒想到真的可以求到欸 好幸運
  36.235.76.205 07/03 08:24"
[協尋] 6/28晚 重新路3段 行車記錄器（按推P幣）,Sun Jul  2 19:58:23 2023,guana (日光燈),"作者guana (日光燈)
看板Gossiping
標題[協尋] 6/28晚 重新路3段 行車記錄器（按推P幣）
時間Sun Jul  2 19:58:23 2023
時間：6/28 18：00～18：30

地點：新北三重區，重新路3段/三重分局，南向新莊

說明：

1，兩輛機車追撞

2，家父是被撞方，醫院發病危，想徵求行車記錄器釐清原委

3，如願意提供將致贈薄酬，或者以您的名義捐款給指定愛心帳戶

------
推文者100P睡後，發到100名。祝福大家都能睡得平安，跟家人說愛你

-----
補充說明1：jasonmcsh: 推 路口監視器沒作用？
家父無法言語、對方含糊不清，警方表示會調監視器，為了避免沒有畫面沒有畫面

還是先自行多方想辦法，很後悔之前沒想到要幫家人裝前後行車記錄器 Q_Q

補充說明2：P幣截止線7/3 08：37，以上通通都發。因為要有電腦處理，儘量在三日內完
成發幣，謝謝各位鄉民。

沒想到第一篇推爆文竟然是這種內容.....


補充說明3：今日7/4 22：00悉數送出P幣，謝謝所有願意留言的鄉民，推噓箭頭都發，
目前仍在找行車記錄器的畫面 orz
--
※ 發信站: 批踢踢實業坊(ptt.cc), 來自: 220.129.117.75 (臺灣)
※ 文章網址: https://www.ptt.cc/bbs/Gossiping/M.1688299105.A.453.html
推 s820912gmail: 高調                                 101.12.89.23 07/02 19:59
推 Ding1990: 推                                     114.34.103.163 07/02 19:59
推 BBScom: 推推                                     123.194.159.83 07/02 19:59
推 s37166117: 推推 趕快找到                           1.200.44.173 07/02 20:00
推 jason731212: 推                                   61.65.118.210 07/02 20:00
推 je789520: 推                                     36.226.190.243 07/02 20:00
推 yaya0311: 推                                       103.3.193.37 07/02 20:00
推 sm981512: 錢                                      61.227.41.186 07/02 20:00
推 chadmu: 這麼好                                  220.129.209.136 07/02 20:01
推 ga652206: 好                                       27.53.245.49 07/02 20:01
推 aaaop915: 錢                                      111.71.113.97 07/02 20:01
推 a0580531: 推                                      27.53.107.146 07/02 20:02
推 usnavyseal: 推                                   118.169.54.191 07/02 20:02
推 twodollar: 祝早日找到                             49.216.89.179 07/02 20:02
推 wilson31507: 推                                  114.136.220.67 07/02 20:02
推 Hero369369: 推                                   114.137.134.29 07/02 20:03
推 jimmy0316:                                         112.78.89.51 07/02 20:03
推 coffee112: 推推                                    27.51.73.145 07/02 20:04
推 jasonmcsh: 推 路口監視器沒作用？ 路邊店家可以問     39.15.9.186 07/02 20:05
→ jasonmcsh: 看看
39.15.9.186 07/02 20:05
推 Lineage097: 高調                                  42.75.244.221 07/02 20:06
推 hc23: 推                                         114.137.19.106 07/02 20:07
推 mysterious21: 推                                  101.9.133.216 07/02 20:07
推 ym60606: 推                                        223.139.0.51 07/02 20:07
推 axi: 推                                          61.228.196.208 07/02 20:08
推 KinohikoRin: 推                                  121.111.186.88 07/02 20:08
推 ryanyee: 推                                     123.192.245.138 07/02 20:08
推 dogbydog: QQ 一定要找到犯人                       118.160.3.250 07/02 20:08
推 binchilling: 推                                   111.71.214.57 07/02 20:08
推 apac: 高調                                      118.166.147.197 07/02 20:08
推 kevinlee2001: 推                                  49.216.16.152 07/02 20:08
推 kaodio: +u                                      118.168.203.215 07/02 20:08
推 pchooooome: 高調                                111.241.163.171 07/02 20:08
推 Moosie: 推                                        114.40.52.152 07/02 20:08
推 KsonPjk4ever: 高調                               114.36.180.207 07/02 20:08
推 Excrement35: 推                                   42.74.219.190 07/02 20:08
推 eogjds: 推                                         61.230.76.48 07/02 20:08
推 KumaKumaKu: 推                                     49.216.17.65 07/02 20:08
推 syd0518: 高調推                                   111.82.74.246 07/02 20:09
推 dydark: 推                                      111.254.214.147 07/02 20:09
推 reno30918: 推                                   223.139.118.170 07/02 20:09
推 rocf117: 推                                      111.241.228.52 07/02 20:10
推 medama: 推 加油                                     112.78.65.2 07/02 20:10
推 darkuso: 加油                                     1.175.207.188 07/02 20:10
推 bg2305z: 好                                        118.165.4.45 07/02 20:10
推 fatyi: 推                                         1.174.142.118 07/02 20:10
推 s67639: 推                                        42.74.219.190 07/02 20:11
→ QooIN: 推                                         223.141.133.9 07/02 20:11
推 efthu456: 推                                        42.73.7.232 07/02 20:11
推 TheNeet: 加油                                     180.177.2.165 07/02 20:11
推 ken1990710: 推                                     101.12.43.71 07/02 20:11
推 exarawdon: 高調                                 220.136.139.157 07/02 20:11
推 OkenBin: 推                                        101.12.18.97 07/02 20:12
推 shiliuye: 推                                      223.137.91.45 07/02 20:12
推 binshin: 高調                                    111.82.106.237 07/02 20:12
推 ctwt: 推  加油                                    42.73.163.171 07/02 20:12
推 qscxz: 高調                                       211.20.90.229 07/02 20:12
推 kenkuo1688: 高調！                                42.74.165.211 07/02 20:12
推 sa528916: 高調                                    36.235.199.99 07/02 20:12
推 touyuan: 推                                       103.5.100.186 07/02 20:12
推 LeafLu: 幫高                                     122.117.128.77 07/02 20:13
推 guguluFAQ: 推                                    124.218.200.82 07/02 20:13
推 sodistrues: 推                                  114.136.131.205 07/02 20:13
推 c192r1b1c: 高調                                   112.104.86.62 07/02 20:14
推 a25155199: 推                                     49.217.64.192 07/02 20:14
推 hold5566: 高調                                  114.136.137.169 07/02 20:14
推 zxciop741: 幫高調                                  42.77.39.148 07/02 20:14
※ 編輯: guana (220.129.117.75 臺灣), 07/02/2023 20:19:46
推 yanluan: 推                                      114.24.227.137 07/02 20:15
推 IkariD: 推                                       114.44.213.220 07/02 20:15
推 saint01: 幫高調                                   125.230.64.92 07/02 20:15
推 coffee112: 推推
  27.51.73.145 07/02 20:15
推 lee0820: 推                                      36.238.106.116 07/02 20:16
推 chubby31190: 推                                    101.8.25.226 07/02 20:16
推 umika: 高調推                                     61.224.155.95 07/02 20:16
推 psychohero: 推加油                              114.137.188.242 07/02 20:17
→ ggsize123: 推                                    180.217.231.90 07/02 20:17
推 CalmEarth: 推                                   223.137.217.233 07/02 20:18
推 gamedavid152: 推                                    1.173.103.4 07/02 20:19
推 DaBouSer: 高調                                   223.139.35.161 07/02 20:19
推 gilbertchen8: 推                                   114.24.17.31 07/02 20:19
推 wade11293: 推                                      1.171.181.77 07/02 20:19
推 Ryonsky:                                           36.236.47.76 07/02 20:19
推 NENEmywife: 推                                   111.248.177.97 07/02 20:20
推 p64628: 推                                         39.12.26.227 07/02 20:20
推 koei6200: 推                                      114.36.18.140 07/02 20:20
推 fernand: 高調                                     114.40.128.50 07/02 20:21
推 starwillow: 高調                                  27.242.137.56 07/02 20:21
推 a26315875: 推                                     27.52.136.121 07/02 20:21
推 rs23234: 推                                      114.44.120.214 07/02 20:22
推 FutuReStronG: 推                                   1.171.23.182 07/02 20:22
推 e137489: 推                                      49.216.102.103 07/02 20:22
推 lwt501cx: 推                                     222.157.98.109 07/02 20:23
推 kevin540: 推                                     223.141.227.60 07/02 20:23
推 chopper1019: 推                                  223.137.91.109 07/02 20:23
推 stitch530: 推                                        1.169.1.49 07/02 20:23
推 hhi80482: 推                                      36.234.161.75 07/02 20:24
推 rdg1231: 推                                     180.217.195.247 07/02 20:25
推 louic: 祝福原po父親康復                           122.118.50.84 07/02 20:26
推 cool189: 高調                                     1.200.242.226 07/02 20:27
推 tjhaustin: 推                                     114.42.223.26 07/02 20:28
推 Naijee: 加油                                     111.83.115.162 07/02 20:31
推 howard1110: money                               123.110.249.199 07/02 20:32
推 jl834021: 高調                                      1.160.49.71 07/02 20:32
推 zxczxczcz: 推                                      36.225.13.13 07/02 20:34
推 tom282f3: 錢                                      223.136.70.99 07/02 20:34
推 gobo: 推                                           42.79.254.82 07/02 20:36
推 shane2007: 推                                   223.139.156.111 07/02 20:36
推 feng990719: 推                                      39.14.72.60 07/02 20:36
※ 編輯: guana (220.129.117.75 臺灣), 07/02/2023 20:37:55
推 komail: 我推                                      49.217.135.97 07/02 20:38
推 wilson5938: 推                                    112.78.85.209 07/02 20:39
推 krjkrj168: 推                                     114.47.157.22 07/02 20:41
推 ashinly1021: 推 頂上去                           180.217.194.51 07/02 20:41
推 JinYeh: 推                                           1.160.55.9 07/02 20:41
推 by135tw: 推                                      118.150.41.242 07/02 20:42
推 zealotlai274: 推                                  82.132.226.13 07/02 20:43
推 GaryWu29a: 推                                     114.42.91.128 07/02 20:45
推 larry8550: 推                                     219.70.184.41 07/02 20:46
推 pknml: 推                                         114.45.217.72 07/02 20:48
推 peiqua: 推                                        101.10.44.204 07/02 20:50
推 asus0408: 推                                       61.58.21.191 07/02 20:50
推 Yyyyyy: $                                        123.110.13.225 07/02 20:50
推 maomao87686: 推                                 114.137.187.136 07/02 20:50
推 planetrock: 推                                    101.136.68.36 07/02 20:51
推 z8900542000: 幫高調                               42.79.186.160 07/02 20:51
噓 pleasepo: 自己沒裝行車紀錄器怪誰？                 42.72.45.163 07/02 20:55
推 huts20: 推                                      150.117.240.193 07/02 20:59
推 rrr931481: 真的要裝行車記錄器自保                 27.247.188.35 07/02 20:59
推 andy199113: QQ                                   118.160.131.12 07/02 21:00
推 forever0101: 推                                 118.231.168.244 07/02 21:05
推 cc10601cc: 推                                     1.200.190.246 07/02 21:06
推 ck960785: 記錄器x000元不要省                        1.200.5.178 07/02 21:07
推 ichiro322: 推 祝平安                                1.200.74.98 07/02 21:12
推 kung20030625: 幫推                                27.52.162.217 07/02 21:16
推 luciffar: 砍樹的速度真快                          114.41.94.204 07/02 21:17
推 ted01234567: 推                                  123.192.180.76 07/02 21:18
推 luckyfun: 推                                      49.217.45.232 07/02 21:19
推 k945: 祝 早日康復                                112.104.16.146 07/02 21:22
→ jwntcaxxxx: 錢                                    223.137.96.37 07/02 21:24
推 ShadowKuo: 推                                    114.24.227.122 07/02 21:25
推 DLGDAGG: 推                                      36.231.150.176 07/02 21:26
推 lijue: 高調                                       61.71.208.140 07/02 21:26
推 s250380: 高調                                    36.234.121.127 07/02 21:34
推 abcte: 埃祝福平安                               111.251.120.190 07/02 21:35
推 fightyin: 推                                      49.216.52.173 07/02 21:40
推 csebbs: 推                                        115.43.88.230 07/02 21:40
推 catfixdog: 推                                     36.232.205.86 07/02 21:49
推 edieedie:                                        223.137.225.96 07/02 21:58
推 jjkk0616: 推 幫高調                             150.116.240.171 07/02 21:59
推 ordination: 推                                      39.14.34.74 07/02 22:01
→ tokeep: 幫高調R.I.P                             111.254.171.120 07/02 22:04
推 HayamaAkito: 推                                  223.137.77.214 07/02 22:04
推 IDA123: 推                                       106.107.155.85 07/02 22:07
推 rememberC: 推                                     1.200.134.162 07/02 22:08
推 holahola: 幫高調                                   119.14.115.6 07/02 22:10
推 KCKCLIN:                                           59.126.42.69 07/02 22:13
推 YuXun2021: 不用給我，祝早日康復                   111.71.212.79 07/02 22:13
推 eddexxx: 推                                       111.251.128.5 07/02 22:15
推 poasdm: 高調                                     61.223.178.243 07/02 22:16
推 st171: 推                                        223.136.127.43 07/02 22:20
推 kevinlee09: 推推。                               101.136.149.40 07/02 22:21
推 mitchellwei: 高調                                223.141.47.163 07/02 22:21
推 Junticks: 幫高                                   122.116.204.42 07/02 22:29
推 iMANIA: 幫高調                                   118.232.28.242 07/02 22:30
推 fxckinglife: 錢                                   114.42.115.44 07/02 22:30
推 foxey: 幫高調                                    59.124.242.209 07/02 22:40
推 man1935049: 推                                   114.137.82.161 07/02 22:44
推 LelockTT: 好                                     114.32.158.191 07/02 22:47
推 bryantmonkey: 高調                                114.27.173.68 07/02 22:49
推 Dean997: 推                                      180.217.136.56 07/02 22:56
推 iamshiba: ㄊ                                     125.229.187.95 07/02 22:59
推 elvis007: $                                      111.250.84.208 07/02 23:01
推 NGlife0412: 推                                    114.24.65.174 07/02 23:04
推 a250098: 幫推                                       36.231.5.35 07/02 23:13
推 dQQd: 推推~早日徵得畫面及路口清晰畫面           223.137.246.163 07/02 23:41
推 abk1229: 高調                                   223.140.222.128 07/02 23:56
推 Cookieptt: 推                                   111.253.147.166 07/02 23:58
推 IJustPass: 幫推                                   111.71.85.223 07/03 00:26
推 F12NLargo: 高調                                  118.167.221.48 07/03 00:37
推 LJer: 幫推                                        111.83.12.127 07/03 02:17
推 RognerLiu: 推                                      1.162.54.108 07/03 02:24
推 VJ2004: 我記得重新路有公車在走 有辦法詢問客運業  114.136.90.255 07/03 02:33
→ VJ2004: 者嗎
 114.136.90.255 07/03 02:33
推 mi324:                                              219.85.5.71 07/03 05:26
推 zoecan0921: 推                                     27.51.128.59 07/03 05:28
推 ookiniSN9: 為什麼都覺得不重要 最後再來後悔呢      36.235.76.205 07/03 08:22
→ ookiniSN9:  單純為了安全的話 畫質差的一台沒多
36.235.76.205 07/03 08:22
→ ookiniSN9: 少錢 不要為了買一堆不必要的東西省這
 36.235.76.205 07/03 08:22
→ ookiniSN9: 些重要的 還是祝您父親身體早日康復
 36.235.76.205 07/03 08:22
推 chaselove610: 高調                              223.137.220.102 07/03 08:29
推 takaseki: 推 高調                                60.250.199.125 07/03 08:37
+++++++++++

截止線，以上通通都發，謝謝各位幫推，會儘快發幣。
※ 編輯: guana (39.9.163.68 臺灣), 07/03/2023 09:55:39
→ NTUmed112: 推                                      101.9.100.97 07/03 10:19
推 tomroy: 推                                         223.26.70.15 07/03 10:23
推 hard9977: 推                                    180.217.250.103 07/03 11:51
推 diminifish: 推 不用給我p                         27.242.130.217 07/03 13:07
推 gary60210: 高調                                  122.146.94.168 07/03 17:32
推 yuchichen66: 推                                   27.52.106.222 07/03 20:27
推 fandy5566: 推                                    36.230.191.112 07/03 22:32
推 wwl86120: 推                                     49.216.237.247 07/04 11:53
推 MangoTW: 推 祝早日康復 釐清真相                     1.34.51.125 07/04 12:23
推 zxc2331189: 誰敢講沒有 準備起飛                     61.221.98.2 07/04 15:45
推 UrPlAmVes17: 幫推 純推不拿 祝順利度過難關         223.137.99.79 07/04 21:09
推 dorisx25: 推                                       101.9.132.27 07/04 21:19
＠ 以上底色標記196位，每人100P(稅後)發送完成!  by PTT Star 3.6.0 Beta
※ 編輯: guana (220.129.117.75 臺灣), 07/04/2023 21:59:25

7/4 22：00悉數送出P幣，謝謝所有願意留言的鄉民，推噓箭頭都發，截止線以下也發
※ 編輯: guana (220.129.117.75 臺灣), 07/04/2023 22:00:58
推 ELivan: 推
 220.135.99.226 07/05 02:00
推 yut698: 推推推
180.217.152.167 07/05 08:23"
[協尋] 7/4媽媽走失，請求台中北屯目擊,Wed Jul  5 10:06:01 2023,a77520601 (睡衣),"作者a77520601 (睡衣)
看板Gossiping
標題[協尋] 7/4媽媽走失，請求台中北屯目擊
時間Wed Jul  5 10:06:01 2023
https://i.imgur.com/TxlJXnB.jpeg
https://i.imgur.com/RJbhZv8.jpeg
我媽媽患有思覺失調症
於7/4晚上七八點出門後未歸目前已經報案

年近60身穿紅色拖鞋

走失地點：昌平路一段97-2號
經常在文心昌平、文心崇德生活圈步行散步

可能出沒在瀋陽路、昌平路、柳陽東西街、松竹路

如有住北屯區的朋友目擊到我媽媽請聯絡這隻手機
0937370240

謝謝大家

--
※ 發信站: 批踢踢實業坊(ptt.cc), 來自: 1.165.136.17 (臺灣)
※ 文章網址: https://www.ptt.cc/bbs/Gossiping/M.1688522763.A.169.html
推 a8715438: 高調
  42.77.193.145 07/05 10:08
推 chadmu: 幫推
 220.129.187.92 07/05 10:08
推 st86188go: ：
    27.52.70.65 07/05 10:08
推 lance2136: 幫高調
  101.10.94.142 07/05 10:09
推 solitary7146: 推推
 49.216.174.136 07/05 10:10
推 vin00: 幫推
  111.83.185.62 07/05 10:11
推 NANJO1569: 幫高調，希望媽媽早日平安歸家!
 61.223.199.205 07/05 10:11
※ 編輯: a77520601 (1.165.136.17 臺灣), 07/05/2023 10:12:10
→ iLeyaSin365: 高調
  111.82.156.84 07/05 10:15
推 pupudice:
 122.62.140.165 07/05 10:24
※ 編輯: a77520601 (1.165.136.17 臺灣), 07/05/2023 10:26:44
推 King5566: 我家附近 再幫你留意
   1.168.75.228 07/05 10:47
→ King5566: 是說上次遇到個阿姨一直問有沒有看到她
   1.168.75.228 07/05 10:49
→ King5566: 女兒 但長相忘了
   1.168.75.228 07/05 10:49
推 jimlexus: 希望早日平安回家
 114.25.221.135 07/05 11:00
推 coffee112: 推推
   1.174.228.11 07/05 11:06
推 killbaga: 高調
 223.136.91.225 07/05 11:10
推 gobo: 剛好在附近 可以幫你看看
 220.138.41.212 07/05 11:12
推 QQKM: 幫高調
   49.215.38.40 07/05 11:34"
